veda_freq,1_STRE_CH,2_STRE_CH,3_STRE_CH,4_STRE_CH,5_BEND_HCH,6_BEND_HCH,7_BEND_HCH,8_OUT_CHHH,9_OUT_CHHH,total_STRE_CH,total_BEND_HCH,total_OUT_CHHH
3194.7000,0.0000,0.0000,98.0000,0.0000,0.0000,0.0000,0.0000,0.0000,1.0000,98.0000,0.0000,1.0000
3194.7000,0.0000,99.0000,0.0000,0.0000,0.0000,0.0000,0.0000,0.0000,0.0000,99.0000,0.0000,0.0000
3194.7000,99.0000,0.0000,0.0000,0.0000,0.0000,0.0000,0.0000,1.0000,0.0000,99.0000,0.0000,1.0000
3086.4900,0.0000,0.0000,0.0000,100.0000,0.0000,0.0000,0.0000,0.0000,0.0000,100.0000,0.0000,0.0000
1667.8000,0.0000,0.0000,0.0000,0.0000,100.0000,0.0000,0.0000,0.0000,0.0000,0.0000,100.0000,0.0000
1667.8000,0.0000,0.0000,0.0000,0.0000,0.0000,100.0000,0.0000,0.0000,0.0000,0.0000,100.0000,0.0000
1456.6900,0.0000,0.0000,1.0000,0.0000,0.0000,0.0000,6.0000,0.0000,93.0000,1.0000,6.0000,93.0000
1456.6900,0.0000,1.0000,0.0000,0.0000,0.0000,0.0000,93.0000,1.0000,6.0000,1.0000,93.0000,7.0000
1456.6900,1.0000,0.0000,0.0000,0.0000,0.0000,0.0000,1.0000,98.0000,0.0000,1.0000,1.0000,98.0000
