Mode,Freq,Tx,Ty,Tz,Rx,Ry,Rz,V_Stretch,label,annotation,s_AB,PED_Stretch_pct,PED_Bend_pct,PED_S_B-H_pct,BondScore_B-H,BondScore_B-H_pct,PED_S_B-N_pct,BondScore_B-N,BondScore_B-N_pct,PED_S_H-N_pct,BondScore_H-N,BondScore_H-N_pct
Tx,0.0000,1.0000,0.0000,0.0000,0.0000,0.0000,0.0000,0.0000,Tx,,,,,,,,,,,,,
Ty,0.0000,0.0000,1.0000,0.0000,0.0000,0.0000,0.0000,0.0000,Ty,,,,,,,,,,,,,
Tz,0.0000,0.0000,0.0000,1.0000,0.0000,0.0000,0.0000,0.0000,Tz,,,,,,,,,,,,,
Rx,0.0000,0.0000,0.0000,0.0000,1.0000,0.0000,0.0000,0.0000,Rx,,,,,,,,,,,,,
Ry,0.0000,0.0000,0.0000,0.0000,0.0000,1.0000,0.0000,0.0000,Ry,,,,,,,,,,,,,
Rz,0.0000,0.0000,0.0000,0.0000,0.0000,0.0000,1.0000,0.0000,Rz,,,,,,,,,,,,,
Vib 1,300.5171,0.0000,0.0000,-0.3333,0.0000,0.0000,0.0000,0.0000,B,,,0.0000,100.0000,0.0000,0.0000,,0.0000,0.0000,,0.0000,0.0000,
Vib 2,300.5171,0.0000,0.0000,-0.3333,0.0000,0.0000,0.0000,0.0000,B,,,0.0000,98.0000,0.0000,0.0000,,0.0000,0.0000,,0.0000,0.0000,
Vib 3,456.9078,0.0000,0.0000,0.5000,0.1667,0.0000,0.0000,0.0000,B,,,0.0000,102.0000,0.0000,0.0000,,0.0000,0.0000,,0.0000,0.0000,
Vib 4,529.0380,0.0031,-0.0194,0.0000,0.0000,0.0000,0.0178,0.0554,B,,,8.0000,94.0000,0.0000,0.0012,2.0789,8.0000,0.0516,93.1886,0.0000,0.0026,4.7029
Vib 5,529.0380,-0.0274,-0.0128,0.0000,0.0000,0.0000,0.0081,0.0536,B,,,6.0000,92.0000,0.0000,0.0012,2.1532,6.0000,0.0498,92.9998,0.0000,0.0026,4.8652
Vib 6,753.6063,0.0000,0.0000,0.5000,-0.1667,0.0000,0.0000,0.0000,B,,,0.0000,104.0000,0.0000,0.0000,,0.0000,0.0000,,0.0000,0.0000,
Vib 7,787.1530,0.0000,0.0000,0.0000,0.0000,0.0000,0.0000,0.0000,B,,,0.0000,98.0000,0.0000,0.0000,,0.0000,0.0000,,0.0000,0.0000,
Vib 8,787.1530,0.0000,0.0000,0.0000,0.0000,0.0000,0.0000,0.0000,B,,,0.0000,98.0000,0.0000,0.0000,,0.0000,0.0000,,0.0000,0.0000,
Vib 9,854.2276,0.0000,-0.0000,0.0000,0.0000,0.0000,-0.0000,0.6351,SB,,N1-B4:0.1056;N1-B5:0.1056;N1-H7:0.0001;N2-B4:0.1056;N2-B6:0.1056;N2-H11:0.0001;N3-B6:0.1056;N3-B5:0.1056;N3-H9:0.0001;B4-H12:0.0005;B5-H8:0.0005;B6-H10:0.0005,61.0000,40.0000,0.0000,0.0015,0.2353,61.0000,0.6334,99.7343,0.0000,0.0002,0.0260
Vib 10,938.7588,0.0000,0.0000,0.0000,0.0000,0.0000,0.0000,0.0000,B,,,0.0000,98.0000,0.0000,0.0000,,0.0000,0.0000,,0.0000,0.0000,
Vib 11,938.7588,0.0000,0.0000,0.0000,0.0000,0.0000,0.0000,0.0000,B,,,0.0000,98.0000,0.0000,0.0000,,0.0000,0.0000,,0.0000,0.0000,
Vib 12,947.5772,-0.0931,0.1160,0.0000,0.0000,0.0000,-0.0203,0.1622,B,,,47.0000,54.0000,0.0000,0.0065,4.0157,47.0000,0.1535,94.6287,0.0000,0.0022,1.3623
Vib 13,947.5773,0.1080,-0.0267,0.0000,0.0000,0.0000,-0.0187,0.1560,B,,,19.0000,79.0000,0.0000,0.0065,4.1807,19.0000,0.1473,94.4172,0.0000,0.0022,1.4176
Vib 14,957.6947,0.0000,-0.0000,0.0000,0.0000,0.0000,-0.0000,0.4062,SB,,N1-B4:-0.0671;N1-B5:-0.0671;N1-H7:-0.0005;N2-B4:-0.0671;N2-B6:-0.0671;N2-H11:-0.0005;N3-B6:-0.0671;N3-B5:-0.0671;N3-H9:-0.0005;B4-H12:-0.0007;B5-H8:-0.0007;B6-H10:-0.0007,37.0000,62.0000,0.0000,0.0021,0.5057,37.0000,0.4027,99.1407,0.0000,0.0014,0.3500
Vib 15,981.5231,0.0000,0.0000,0.0000,0.0000,0.0000,0.0000,0.0000,B,,,0.0000,102.0000,0.0000,0.0000,,0.0000,0.0000,,0.0000,0.0000,
Vib 16,1062.1779,-0.0001,0.0000,0.0000,0.0000,0.0000,-0.5000,0.0017,B,,,0.0000,100.0000,0.0000,0.0000,0.6172,0.0000,0.0016,96.7433,0.0000,0.0000,0.1814
Vib 17,1102.7260,-0.0179,0.3151,0.0000,0.0000,0.0000,0.1051,0.0854,B,,,20.0000,79.0000,0.0000,0.0031,3.6320,20.0000,0.0815,95.4856,0.0000,0.0008,0.9020
Vib 18,1102.7260,0.1999,-0.0332,0.0000,0.0000,0.0000,-0.1643,0.0854,B,,,44.0000,58.0000,0.0000,0.0031,3.6311,44.0000,0.0815,95.4174,0.0000,0.0008,0.9102
Vib 19,1201.0600,-0.0001,0.0000,0.0000,0.0000,0.0000,-0.0000,0.8160,SB,,N1-B4:-0.1360;N1-B5:0.1360;N1-H7:0.0000;N2-B4:0.1360;N2-B6:-0.1360;N2-H11:0.0000;N3-B6:0.1360;N3-B5:-0.1360;N3-H9:-0.0000;B4-H12:0.0000;B5-H8:-0.0000;B6-H10:0.0000,95.0000,0.0000,0.0000,0.0000,0.0000,95.0000,0.8160,99.9955,0.0000,0.0000,0.0000
Vib 20,1376.4486,0.0000,0.0000,0.0000,0.0000,0.0000,-0.0000,0.0092,B,,,1.0000,99.0000,0.0000,0.0000,0.0072,1.0000,0.0092,99.6616,0.0000,0.0000,0.0216
Vib 21,1425.8541,0.1264,-0.4334,0.0000,0.0000,0.0000,-0.0477,0.1858,SB,,N1-B4:-0.0580;N1-B5:-0.0292;N1-H7:-0.0008;N2-B4:0.0540;N2-B6:0.0131;N2-H11:0.0011;N3-B6:-0.0038;N3-B5:0.0160;N3-H9:0.0003;B4-H12:-0.0014;B5-H8:-0.0048;B6-H10:0.0034,41.0000,59.0000,0.0000,0.0096,5.1422,41.0000,0.1740,93.6518,0.0000,0.0022,1.2089
Vib 22,1425.8541,-0.4657,-0.1937,0.0000,0.0000,0.0000,-0.0455,0.1858,SB,,N1-B4:0.0000;N1-B5:-0.0288;N1-H7:-0.0008;N2-B4:-0.0040;N2-B6:-0.0449;N2-H11:-0.0011;N3-B6:0.0542;N3-B5:0.0420;N3-H9:0.0003;B4-H12:-0.0014;B5-H8:0.0048;B6-H10:0.0034,46.0000,51.0000,0.0000,0.0096,5.1505,46.0000,0.1740,93.6535,0.0000,0.0022,1.2107
Vib 23,1501.2582,0.1753,-0.1655,0.0000,0.0000,0.0000,-0.0108,0.1873,SB,,N1-B4:0.0412;N1-B5:-0.0279;N1-H7:-0.0012;N2-B4:-0.0119;N2-B6:-0.0020;N2-H11:0.0004;N3-B6:0.0534;N3-B5:-0.0455;N3-H9:-0.0008;B4-H12:0.0009;B5-H8:-0.0007;B6-H10:0.0014,38.0000,59.0000,0.0000,0.0031,1.6345,38.0000,0.1818,97.0505,0.0000,0.0024,1.3012
Vib 24,1501.2582,-0.1681,-0.1803,0.0000,0.0000,0.0000,-0.0223,0.1859,SB,,N1-B4:-0.0192;N1-B5:0.0335;N1-H7:-0.0012;N2-B4:-0.0513;N2-B6:0.0556;N2-H11:-0.0004;N3-B6:0.0033;N3-B5:-0.0176;N3-H9:0.0008;B4-H12:-0.0010;B5-H8:0.0005;B6-H10:0.0014,36.0000,67.0000,0.0000,0.0030,1.5967,36.0000,0.1805,97.0935,0.0000,0.0024,1.3100
Vib 25,2677.8763,-0.1650,-0.0969,0.0000,0.0000,0.0000,0.0048,0.9922,S,,N1-B4:-0.0030;N1-B5:0.0008;N1-H7:-0.0000;N2-B4:-0.0030;N2-B6:0.0007;N2-H11:-0.0000;N3-B6:0.0007;N3-B5:0.0008;N3-H9:0.0000;B4-H12:0.6551;B5-H8:-0.1749;B6-H10:-0.1530,99.0000,0.0000,99.0000,0.9831,99.0779,0.0000,0.0090,0.9041,0.0000,0.0001,0.0140
Vib 26,2677.8763,0.0620,-0.0607,0.0000,0.0000,0.0000,0.0822,0.9921,S,,N1-B4:-0.0000;N1-B5:-0.0022;N1-H7:-0.0001;N2-B4:-0.0000;N2-B6:0.0023;N2-H11:0.0001;N3-B6:0.0023;N3-B5:-0.0022;N3-H9:0.0000;B4-H12:0.0003;B5-H8:0.4804;B6-H10:-0.5024,99.0000,0.0000,99.0000,0.9831,99.0879,0.0000,0.0090,0.9042,0.0000,0.0001,0.0116
Vib 27,2689.0775,0.0000,0.0001,0.0000,0.0000,0.0000,-0.0000,0.9927,S,,N1-B4:0.0014;N1-B5:0.0014;N1-H7:0.0001;N2-B4:0.0014;N2-B6:0.0014;N2-H11:0.0001;N3-B6:0.0014;N3-B5:0.0014;N3-H9:0.0001;B4-H12:-0.3280;B5-H8:-0.3280;B6-H10:-0.3280,100.0000,0.0000,99.0000,0.9841,99.1382,1.0000,0.0083,0.8352,0.0000,0.0002,0.0246
Vib 28,3535.7654,0.0000,-0.0002,0.0000,0.0000,0.0000,-0.0000,0.9962,S,,N1-B4:-0.0008;N1-B5:-0.0008;N1-H7:0.3305;N2-B4:-0.0008;N2-B6:-0.0008;N2-H11:0.3305;N3-B6:-0.0008;N3-B5:-0.0008;N3-H9:0.3305;B4-H12:0.0001;B5-H8:0.0001;B6-H10:0.0001,100.0000,0.0000,0.0000,0.0002,0.0244,0.0000,0.0045,0.4551,100.0000,0.9915,99.5244
Vib 29,3537.9608,-0.1427,0.1500,0.0000,0.0000,0.0000,0.0721,0.9954,S,,N1-B4:-0.0010;N1-B5:-0.0010;N1-H7:0.4411;N2-B4:0.0013;N2-B6:0.0013;N2-H11:-0.5442;N3-B6:-0.0000;N3-B5:-0.0000;N3-H9:0.0054;B4-H12:-0.0000;B5-H8:0.0000;B6-H10:-0.0000,100.0000,0.0000,0.0000,0.0001,0.0061,0.0000,0.0046,0.4629,100.0000,0.9907,99.5322
Vib 30,3537.9608,0.1386,0.0867,0.0000,0.0000,0.0000,-0.0129,0.9954,S,,N1-B4:-0.0005;N1-B5:-0.0005;N1-H7:0.2194;N2-B4:-0.0003;N2-B6:-0.0003;N2-H11:0.1163;N3-B6:0.0015;N3-B5:0.0015;N3-H9:-0.6551;B4-H12:0.0000;B5-H8:-0.0000;B6-H10:-0.0000,100.0000,0.0000,0.0000,0.0001,0.0061,0.0000,0.0046,0.4627,100.0000,0.9907,99.5324
