veda_freq,1_STRE_CH,2_STRE_CH,3_STRE_CH,4_STRE_CH,5_STRE_CH,6_STRE_CH,7_STRE_OC,8_STRE_OC,9_STRE_OC,10_STRE_OC,11_STRE_OC,12_BEND_OCO,13_BEND_HCH,14_BEND_HCH,15_BEND_HCO,16_BEND_HCO,17_BEND_HCO,18_BEND_HCH,19_BEND_OCO,20_BEND_COC,21_BEND_COC,22_TORS_HCOC,23_TORS_HCOC,24_TORS_HCOC,25_TORS_HCOC,26_TORS_HCOC,27_TORS_HCOC,28_TORS_COCO,29_TORS_COCO,30_TORS_COCO
3222.9400,0.0000,97.0000,0.0000,0.0000,2.0000,0.0000,0.0000,0.0000,0.0000,0.0000,0.0000,0.0000,0.0000,0.0000,0.0000,0.0000,0.0000,0.0000,0.0000,0.0000,0.0000,0.0000,0.0000,0.0000,0.0000,0.0000,0.0000,0.0000,0.0000,0.0000
3216.8800,1.0000,0.0000,97.0000,0.0000,0.0000,3.0000,0.0000,0.0000,0.0000,0.0000,0.0000,0.0000,0.0000,0.0000,0.0000,0.0000,0.0000,0.0000,0.0000,0.0000,0.0000,0.0000,0.0000,0.0000,0.0000,0.0000,0.0000,0.0000,0.0000,0.0000
3216.8800,97.0000,0.0000,1.0000,3.0000,0.0000,0.0000,0.0000,0.0000,0.0000,0.0000,0.0000,0.0000,0.0000,0.0000,0.0000,0.0000,0.0000,0.0000,0.0000,0.0000,0.0000,0.0000,0.0000,0.0000,0.0000,0.0000,0.0000,0.0000,0.0000,0.0000
3014.7600,0.0000,2.0000,0.0000,0.0000,97.0000,0.0000,0.0000,0.0000,0.0000,0.0000,0.0000,0.0000,0.0000,0.0000,0.0000,0.0000,0.0000,0.0000,0.0000,0.0000,0.0000,0.0000,0.0000,0.0000,0.0000,0.0000,0.0000,0.0000,0.0000,0.0000
3002.0700,0.0000,0.0000,2.0000,4.0000,0.0000,93.0000,0.0000,0.0000,0.0000,0.0000,0.0000,0.0000,0.0000,0.0000,0.0000,0.0000,0.0000,0.0000,0.0000,0.0000,0.0000,0.0000,0.0000,0.0000,0.0000,0.0000,0.0000,0.0000,0.0000,0.0000
3002.0700,2.0000,0.0000,0.0000,93.0000,0.0000,4.0000,0.0000,0.0000,0.0000,0.0000,0.0000,0.0000,0.0000,0.0000,0.0000,0.0000,0.0000,0.0000,0.0000,0.0000,0.0000,0.0000,0.0000,0.0000,0.0000,0.0000,0.0000,0.0000,0.0000,0.0000
1605.3100,0.0000,0.0000,0.0000,0.0000,0.0000,0.0000,0.0000,0.0000,0.0000,0.0000,0.0000,0.0000,1.0000,96.0000,0.0000,0.0000,0.0000,0.0000,0.0000,0.0000,1.0000,0.0000,0.0000,0.0000,0.0000,0.0000,1.0000,0.0000,0.0000,0.0000
1585.5900,0.0000,0.0000,0.0000,0.0000,0.0000,0.0000,0.0000,0.0000,0.0000,0.0000,0.0000,0.0000,0.0000,0.0000,1.0000,0.0000,0.0000,91.0000,0.0000,0.0000,0.0000,3.0000,0.0000,4.0000,2.0000,0.0000,1.0000,0.0000,0.0000,0.0000
1585.5900,0.0000,0.0000,0.0000,0.0000,0.0000,0.0000,0.0000,1.0000,0.0000,0.0000,0.0000,0.0000,88.0000,0.0000,0.0000,0.0000,1.0000,0.0000,0.0000,0.0000,0.0000,0.0000,1.0000,0.0000,2.0000,3.0000,2.0000,0.0000,0.0000,0.0000
1477.9100,0.0000,0.0000,0.0000,0.0000,0.0000,0.0000,2.0000,0.0000,0.0000,0.0000,0.0000,0.0000,0.0000,0.0000,11.0000,0.0000,5.0000,2.0000,0.0000,0.0000,0.0000,10.0000,2.0000,5.0000,3.0000,0.0000,59.0000,0.0000,0.0000,0.0000
1477.9100,0.0000,0.0000,0.0000,0.0000,0.0000,0.0000,0.0000,1.0000,0.0000,3.0000,0.0000,1.0000,6.0000,0.0000,0.0000,0.0000,3.0000,0.0000,0.0000,0.0000,0.0000,4.0000,75.0000,1.0000,1.0000,0.0000,1.0000,0.0000,1.0000,1.0000
1422.6200,0.0000,0.0000,0.0000,0.0000,0.0000,0.0000,0.0000,0.0000,3.0000,0.0000,0.0000,0.0000,0.0000,0.0000,0.0000,10.0000,0.0000,0.0000,0.0000,0.0000,0.0000,0.0000,0.0000,0.0000,67.0000,6.0000,10.0000,0.0000,0.0000,0.0000
1337.9500,0.0000,0.0000,0.0000,0.0000,0.0000,0.0000,1.0000,0.0000,1.0000,0.0000,0.0000,0.0000,0.0000,0.0000,61.0000,0.0000,7.0000,2.0000,2.0000,1.0000,0.0000,11.0000,1.0000,0.0000,1.0000,0.0000,12.0000,1.0000,0.0000,0.0000
1337.9500,0.0000,0.0000,0.0000,0.0000,0.0000,0.0000,0.0000,0.0000,0.0000,0.0000,0.0000,0.0000,2.0000,0.0000,2.0000,0.0000,53.0000,0.0000,0.0000,0.0000,7.0000,5.0000,13.0000,1.0000,6.0000,3.0000,1.0000,1.0000,1.0000,4.0000
1261.5100,0.0000,0.0000,0.0000,0.0000,0.0000,0.0000,0.0000,0.0000,0.0000,0.0000,0.0000,0.0000,0.0000,0.0000,0.0000,71.0000,0.0000,0.0000,0.0000,0.0000,0.0000,0.0000,0.0000,0.0000,1.0000,23.0000,4.0000,0.0000,0.0000,0.0000
1229.7900,0.0000,0.0000,0.0000,0.0000,0.0000,0.0000,0.0000,0.0000,0.0000,0.0000,1.0000,3.0000,1.0000,2.0000,12.0000,2.0000,1.0000,0.0000,6.0000,3.0000,23.0000,13.0000,0.0000,0.0000,1.0000,0.0000,1.0000,8.0000,0.0000,25.0000
1148.3800,0.0000,0.0000,0.0000,0.0000,0.0000,0.0000,18.0000,1.0000,0.0000,0.0000,0.0000,0.0000,0.0000,0.0000,2.0000,0.0000,17.0000,1.0000,2.0000,0.0000,0.0000,2.0000,1.0000,37.0000,4.0000,1.0000,1.0000,6.0000,4.0000,0.0000
1148.3800,0.0000,0.0000,0.0000,0.0000,0.0000,0.0000,0.0000,29.0000,0.0000,0.0000,0.0000,1.0000,0.0000,0.0000,0.0000,9.0000,3.0000,0.0000,0.0000,3.0000,6.0000,4.0000,0.0000,1.0000,3.0000,29.0000,1.0000,1.0000,5.0000,5.0000
1048.0100,0.0000,0.0000,0.0000,0.0000,0.0000,0.0000,51.0000,1.0000,2.0000,0.0000,0.0000,1.0000,0.0000,0.0000,2.0000,0.0000,7.0000,1.0000,3.0000,6.0000,0.0000,2.0000,3.0000,13.0000,2.0000,1.0000,0.0000,1.0000,1.0000,1.0000
1048.0100,0.0000,0.0000,0.0000,0.0000,0.0000,0.0000,1.0000,51.0000,0.0000,0.0000,0.0000,14.0000,1.0000,0.0000,0.0000,5.0000,0.0000,0.0000,1.0000,5.0000,1.0000,1.0000,1.0000,1.0000,0.0000,12.0000,1.0000,2.0000,3.0000,1.0000
945.4600,0.0000,0.0000,0.0000,0.0000,0.0000,0.0000,0.0000,0.0000,0.0000,1.0000,55.0000,10.0000,0.0000,0.0000,1.0000,0.0000,0.0000,0.0000,3.0000,8.0000,4.0000,1.0000,0.0000,0.0000,0.0000,0.0000,0.0000,9.0000,0.0000,9.0000
927.7800,0.0000,0.0000,0.0000,0.0000,0.0000,0.0000,0.0000,0.0000,86.0000,0.0000,0.0000,0.0000,0.0000,0.0000,0.0000,1.0000,0.0000,0.0000,0.0000,0.0000,0.0000,0.0000,0.0000,0.0000,1.0000,0.0000,1.0000,6.0000,0.0000,0.0000
891.7800,0.0000,0.0000,0.0000,0.0000,0.0000,0.0000,0.0000,0.0000,0.0000,85.0000,4.0000,3.0000,0.0000,0.0000,0.0000,0.0000,0.0000,0.0000,1.0000,0.0000,1.0000,0.0000,1.0000,0.0000,0.0000,0.0000,0.0000,0.0000,1.0000,0.0000
891.7800,0.0000,0.0000,0.0000,0.0000,0.0000,0.0000,28.0000,0.0000,10.0000,3.0000,1.0000,0.0000,0.0000,0.0000,2.0000,0.0000,0.0000,0.0000,1.0000,43.0000,0.0000,1.0000,1.0000,0.0000,1.0000,0.0000,2.0000,4.0000,0.0000,0.0000
697.9200,0.0000,0.0000,0.0000,0.0000,0.0000,0.0000,0.0000,0.0000,0.0000,3.0000,35.0000,43.0000,0.0000,0.0000,1.0000,0.0000,0.0000,0.0000,3.0000,3.0000,1.0000,1.0000,0.0000,0.0000,0.0000,0.0000,0.0000,5.0000,0.0000,5.0000
502.3600,0.0000,0.0000,0.0000,0.0000,0.0000,0.0000,0.0000,10.0000,0.0000,0.0000,0.0000,18.0000,0.0000,0.0000,0.0000,0.0000,1.0000,0.0000,0.0000,16.0000,15.0000,0.0000,0.0000,1.0000,0.0000,2.0000,0.0000,5.0000,2.0000,30.0000
502.3600,0.0000,0.0000,0.0000,0.0000,0.0000,0.0000,1.0000,3.0000,1.0000,2.0000,1.0000,1.0000,0.0000,0.0000,0.0000,0.0000,0.0000,0.0000,67.0000,0.0000,1.0000,2.0000,1.0000,0.0000,1.0000,0.0000,0.0000,2.0000,19.0000,0.0000
443.2900,0.0000,0.0000,0.0000,0.0000,0.0000,0.0000,0.0000,0.0000,0.0000,0.0000,0.0000,1.0000,0.0000,0.0000,3.0000,1.0000,1.0000,0.0000,1.0000,10.0000,30.0000,30.0000,0.0000,0.0000,2.0000,0.0000,1.0000,4.0000,0.0000,17.0000
289.9700,0.0000,0.0000,0.0000,0.0000,0.0000,0.0000,0.0000,0.0000,0.0000,0.0000,0.0000,3.0000,0.0000,0.0000,0.0000,0.0000,0.0000,0.0000,6.0000,0.0000,10.0000,0.0000,0.0000,3.0000,0.0000,18.0000,0.0000,0.0000,60.0000,0.0000
289.9700,0.0000,0.0000,0.0000,0.0000,0.0000,0.0000,0.0000,0.0000,1.0000,0.0000,0.0000,0.0000,0.0000,0.0000,1.0000,0.0000,0.0000,0.0000,1.0000,3.0000,0.0000,9.0000,1.0000,33.0000,2.0000,0.0000,0.0000,47.0000,0.0000,0.0000
