Mode,Freq,Tx,Ty,Tz,Rx,Ry,Rz,V_Stretch,label,annotation,s_AB,PED_Stretch_pct,PED_Bend_pct
Tx,0.0000,1.0000,0.0000,0.0000,0.0000,0.0000,0.0000,0.0000,Tx,,,,
Ty,0.0000,0.0000,1.0000,0.0000,0.0000,0.0000,0.0000,0.0000,Ty,,,,
Tz,0.0000,0.0000,0.0000,1.0000,0.0000,-0.0000,0.0000,0.0000,Tz,,,,
Rx,0.0000,0.0000,0.0000,-0.0000,1.0000,0.0000,0.0000,0.0000,Rx,,,,
Ry,0.0000,0.0000,0.0000,0.0000,0.0000,1.0000,0.0000,0.0000,Ry,,,,
Rz,0.0000,0.0000,-0.0000,0.0000,0.0000,0.0000,1.0000,0.0000,Rz,,,,
Vib 1,674.9018,0.0000,0.0000,0.0000,0.0000,0.0000,0.0000,0.1633,B,,,17.0000,82.0000
Vib 2,674.9018,0.0000,0.0000,0.0000,0.0000,0.0000,0.0000,0.1956,SB,,C1-H2:0.0000;C1-C3:0.0307;C1-C4:-0.0379;C1-C5:0.0291;C3-C5:-0.0379;C3-C4:0.0291;C3-H6:0.0000;C4-C5:0.0307;C4-H7:0.0000;C5-H8:0.0000,15.0000,85.0000
Vib 3,833.6917,0.1075,-0.1029,0.2144,-0.0033,-0.0041,-0.0002,0.0964,B,,,24.0000,76.0000
Vib 4,833.6918,0.1997,0.0874,-0.0909,0.0002,0.0058,0.0064,0.0951,B,,,7.0000,92.0000
Vib 5,833.6918,-0.0401,0.2020,0.1512,-0.0038,-0.0058,0.0124,0.0940,B,,,34.0000,66.0000
Vib 6,844.7082,0.0000,0.0000,0.0000,0.0000,0.0000,0.0000,0.0187,B,,,6.0000,94.0000
Vib 7,844.7082,-0.0000,0.0000,0.0000,-0.0000,0.0000,0.0000,0.0198,B,,,6.0000,93.0000
Vib 8,1001.8200,0.0000,0.0000,0.0000,0.0000,0.0000,-0.0000,0.0000,B,,,0.0000,98.0000
Vib 9,1001.8200,-0.0000,0.0000,-0.0000,-0.0000,-0.0000,-0.0000,0.0000,B,,,0.0000,102.0000
Vib 10,1001.8200,0.0000,0.0000,0.0000,0.0000,-0.0000,-0.0000,0.0000,B,,,0.0000,101.0000
Vib 11,1123.5841,-0.0197,-0.1200,0.3485,-0.0107,0.0709,0.0298,0.2063,SB,,C1-H2:0.0020;C1-C3:0.0706;C1-C4:-0.0225;C1-C5:-0.0020;C3-C5:0.0251;C3-C4:0.0051;C3-H6:0.0038;C4-C5:-0.0685;C4-H7:-0.0040;C5-H8:-0.0025,14.0000,85.0000
Vib 12,1123.5841,0.3870,-0.0059,0.0184,0.0008,-0.0044,-0.0137,0.1827,SB,,C1-H2:0.0038;C1-C3:0.0036;C1-C4:-0.0013;C1-C5:0.0789;C3-C5:0.0011;C3-C4:-0.0790;C3-H6:-0.0036;C4-C5:-0.0038;C4-H7:-0.0039;C5-H8:0.0037,41.0000,58.0000
Vib 13,1123.5841,-0.0019,0.3494,0.1200,0.0011,-0.0309,0.0715,0.2006,SB,,C1-H2:0.0039;C1-C3:0.0238;C1-C4:0.0697;C1-C5:-0.0005;C3-C5:-0.0699;C3-C4:0.0002;C3-H6:-0.0023;C4-C5:-0.0240;C4-H7:0.0023;C5-H8:-0.0039,35.0000,66.0000
Vib 14,1299.8494,0.0000,0.0000,0.0000,0.0000,0.0000,0.0000,1.0000,S,,C1-H2:0.0038;C1-C3:0.1641;C1-C4:0.1641;C1-C5:0.1641;C3-C5:0.1641;C3-C4:0.1641;C3-H6:0.0038;C4-C5:0.1641;C4-H7:0.0038;C5-H8:0.0038,100.0000,0.0000
Vib 15,3420.0987,-0.0019,0.0213,0.0112,-0.0025,0.0032,-0.0084,0.9928,S,,C1-H2:0.3730;C1-C3:-0.0012;C1-C4:-0.0040;C1-C5:0.0003;C3-C5:0.0041;C3-C4:-0.0001;C3-H6:-0.0586;C4-C5:0.0014;C4-H7:0.0940;C5-H8:-0.4561,100.0000,0.0000
Vib 16,3420.0987,0.0188,0.0043,-0.0062,-0.0006,-0.0040,-0.0050,0.9928,S,,C1-H2:0.1935;C1-C3:0.0009;C1-C4:-0.0004;C1-C5:-0.0042;C3-C5:0.0006;C3-C4:0.0044;C3-H6:-0.4487;C4-C5:-0.0007;C4-H7:-0.0787;C5-H8:0.2606,100.0000,0.0000
Vib 17,3420.0987,0.0097,-0.0122,0.0276,-0.0131,-0.0137,-0.0013,0.9935,S,,C1-H2:0.1697;C1-C3:-0.0037;C1-C4:0.0014;C1-C5:-0.0006;C3-C5:-0.0009;C3-C4:0.0012;C3-H6:0.2289;C4-C5:0.0041;C4-H7:-0.5635;C5-H8:-0.0195,100.0000,0.0000
Vib 18,3462.4568,0.0000,0.0000,0.0000,0.0000,0.0000,0.0000,1.0000,S,,C1-H2:0.2413;C1-C3:-0.0058;C1-C4:-0.0058;C1-C5:-0.0058;C3-C5:-0.0058;C3-C4:-0.0058;C3-H6:0.2413;C4-C5:-0.0058;C4-H7:0.2413;C5-H8:0.2413,98.0000,0.0000
