veda_freq,1_STRE_CH,2_STRE_CH,3_STRE_CH,4_STRE_CH,5_STRE_CC,6_STRE_CC,7_STRE_CC,8_STRE_CC,9_STRE_CC,10_STRE_FC,11_STRE_CC,12_BEND_CCC,13_BEND_HCC,14_BEND_HCC,15_BEND_HCC,16_BEND_HCC,17_BEND_CCC,18_BEND_CCF,19_BEND_CCC,20_BEND_CCF,21_BEND_CCC,22_TORS_HCCC,23_TORS_HCCC,24_TORS_HCCC,25_TORS_HCCC,26_TORS_CCCC,27_TORS_CCCC,28_OUT_FCCC,29_TORS_CCCC,30_TORS_CCCC,total_STRE_CH,total_STRE_CC,total_STRE_FC,total_BEND_CCC,total_BEND_HCC,total_BEND_CCF,total_TORS_HCCC,total_TORS_CCCC,total_OUT_FCCC
3244.3700,0.0000,0.0000,4.0000,95.0000,0.0000,0.0000,0.0000,0.0000,0.0000,0.0000,0.0000,0.0000,0.0000,0.0000,0.0000,0.0000,0.0000,0.0000,0.0000,0.0000,0.0000,0.0000,0.0000,0.0000,0.0000,0.0000,0.0000,0.0000,0.0000,0.0000,99.0000,0.0000,0.0000,0.0000,0.0000,0.0000,0.0000,0.0000,0.0000
3238.9100,91.0000,8.0000,0.0000,0.0000,0.0000,0.0000,0.0000,0.0000,0.0000,0.0000,0.0000,0.0000,0.0000,0.0000,0.0000,0.0000,0.0000,0.0000,0.0000,0.0000,0.0000,0.0000,0.0000,0.0000,0.0000,0.0000,0.0000,0.0000,0.0000,0.0000,99.0000,0.0000,0.0000,0.0000,0.0000,0.0000,0.0000,0.0000,0.0000
3225.3500,0.0000,0.0000,96.0000,4.0000,0.0000,0.0000,0.0000,0.0000,0.0000,0.0000,0.0000,0.0000,0.0000,0.0000,0.0000,0.0000,0.0000,0.0000,0.0000,0.0000,0.0000,0.0000,0.0000,0.0000,0.0000,0.0000,0.0000,0.0000,0.0000,0.0000,100.0000,0.0000,0.0000,0.0000,0.0000,0.0000,0.0000,0.0000,0.0000
3210.6900,8.0000,92.0000,0.0000,0.0000,0.0000,0.0000,0.0000,0.0000,0.0000,0.0000,0.0000,0.0000,0.0000,0.0000,0.0000,0.0000,0.0000,0.0000,0.0000,0.0000,0.0000,0.0000,0.0000,0.0000,0.0000,0.0000,0.0000,0.0000,0.0000,0.0000,100.0000,0.0000,0.0000,0.0000,0.0000,0.0000,0.0000,0.0000,0.0000
1624.5300,0.0000,0.0000,0.0000,0.0000,57.0000,1.0000,2.0000,0.0000,0.0000,3.0000,0.0000,1.0000,0.0000,1.0000,0.0000,14.0000,15.0000,0.0000,1.0000,0.0000,6.0000,0.0000,0.0000,0.0000,0.0000,0.0000,0.0000,0.0000,0.0000,0.0000,0.0000,60.0000,3.0000,23.0000,15.0000,0.0000,0.0000,0.0000,0.0000
1610.0500,0.0000,0.0000,0.0000,0.0000,0.0000,65.0000,2.0000,0.0000,3.0000,0.0000,1.0000,10.0000,0.0000,2.0000,7.0000,3.0000,0.0000,0.0000,1.0000,5.0000,0.0000,0.0000,0.0000,0.0000,0.0000,0.0000,0.0000,0.0000,0.0000,0.0000,0.0000,71.0000,0.0000,11.0000,12.0000,5.0000,0.0000,0.0000,0.0000
1556.6900,0.0000,0.0000,0.0000,0.0000,0.0000,6.0000,10.0000,25.0000,5.0000,0.0000,2.0000,0.0000,46.0000,3.0000,2.0000,0.0000,0.0000,0.0000,1.0000,1.0000,0.0000,0.0000,0.0000,0.0000,0.0000,0.0000,0.0000,0.0000,0.0000,0.0000,0.0000,48.0000,0.0000,1.0000,51.0000,1.0000,0.0000,0.0000,0.0000
1504.0400,0.0000,0.0000,0.0000,0.0000,1.0000,0.0000,1.0000,0.0000,0.0000,3.0000,0.0000,0.0000,0.0000,64.0000,0.0000,1.0000,4.0000,0.0000,1.0000,0.0000,24.0000,0.0000,0.0000,0.0000,0.0000,0.0000,0.0000,0.0000,0.0000,0.0000,0.0000,2.0000,3.0000,29.0000,65.0000,0.0000,0.0000,0.0000,0.0000
1336.9100,0.0000,0.0000,0.0000,0.0000,0.0000,1.0000,1.0000,70.0000,5.0000,0.0000,0.0000,0.0000,16.0000,0.0000,6.0000,0.0000,0.0000,0.0000,0.0000,0.0000,0.0000,0.0000,0.0000,0.0000,0.0000,0.0000,0.0000,0.0000,0.0000,0.0000,0.0000,77.0000,0.0000,0.0000,22.0000,0.0000,0.0000,0.0000,0.0000
1321.8700,0.0000,0.0000,0.0000,0.0000,7.0000,0.0000,0.0000,0.0000,0.0000,14.0000,0.0000,2.0000,0.0000,8.0000,0.0000,51.0000,2.0000,3.0000,0.0000,0.0000,13.0000,0.0000,0.0000,0.0000,0.0000,0.0000,0.0000,0.0000,0.0000,0.0000,0.0000,7.0000,14.0000,17.0000,59.0000,3.0000,0.0000,0.0000,0.0000
1320.1900,0.0000,0.0000,0.0000,0.0000,0.0000,1.0000,3.0000,4.0000,66.0000,0.0000,2.0000,0.0000,13.0000,0.0000,9.0000,0.0000,0.0000,0.0000,0.0000,1.0000,0.0000,0.0000,0.0000,0.0000,0.0000,0.0000,0.0000,0.0000,0.0000,0.0000,0.0000,76.0000,0.0000,0.0000,22.0000,1.0000,0.0000,0.0000,0.0000
1259.0000,0.0000,0.0000,0.0000,0.0000,18.0000,2.0000,2.0000,0.0000,0.0000,31.0000,0.0000,0.0000,0.0000,3.0000,0.0000,14.0000,1.0000,7.0000,6.0000,0.0000,18.0000,0.0000,0.0000,0.0000,0.0000,0.0000,0.0000,0.0000,0.0000,0.0000,0.0000,22.0000,31.0000,25.0000,17.0000,7.0000,0.0000,0.0000,0.0000
1233.4300,0.0000,0.0000,0.0000,0.0000,0.0000,1.0000,3.0000,0.0000,17.0000,0.0000,0.0000,1.0000,2.0000,1.0000,72.0000,2.0000,0.0000,0.0000,1.0000,0.0000,0.0000,0.0000,0.0000,0.0000,0.0000,0.0000,0.0000,0.0000,0.0000,0.0000,0.0000,21.0000,0.0000,2.0000,77.0000,0.0000,0.0000,0.0000,0.0000
1142.1800,0.0000,0.0000,0.0000,0.0000,3.0000,2.0000,12.0000,0.0000,0.0000,0.0000,0.0000,4.0000,0.0000,13.0000,0.0000,9.0000,1.0000,18.0000,33.0000,0.0000,5.0000,0.0000,0.0000,0.0000,0.0000,0.0000,0.0000,0.0000,0.0000,0.0000,0.0000,17.0000,0.0000,43.0000,22.0000,18.0000,0.0000,0.0000,0.0000
1045.8200,0.0000,0.0000,0.0000,0.0000,0.0000,0.0000,57.0000,0.0000,3.0000,0.0000,1.0000,2.0000,21.0000,1.0000,1.0000,0.0000,0.0000,0.0000,12.0000,1.0000,0.0000,0.0000,0.0000,0.0000,0.0000,0.0000,0.0000,0.0000,0.0000,0.0000,0.0000,61.0000,0.0000,14.0000,23.0000,1.0000,0.0000,0.0000,0.0000
945.7600,0.0000,0.0000,0.0000,0.0000,0.0000,0.0000,0.0000,0.0000,0.0000,0.0000,0.0000,0.0000,0.0000,0.0000,0.0000,0.0000,0.0000,0.0000,0.0000,0.0000,0.0000,1.0000,0.0000,78.0000,6.0000,0.0000,10.0000,1.0000,0.0000,1.0000,0.0000,0.0000,0.0000,0.0000,0.0000,0.0000,85.0000,11.0000,1.0000
940.9400,0.0000,0.0000,0.0000,0.0000,0.0000,0.0000,0.0000,0.0000,0.0000,0.0000,0.0000,0.0000,0.0000,0.0000,0.0000,0.0000,0.0000,0.0000,0.0000,0.0000,0.0000,78.0000,0.0000,1.0000,1.0000,2.0000,5.0000,5.0000,3.0000,9.0000,0.0000,0.0000,0.0000,0.0000,0.0000,0.0000,80.0000,19.0000,5.0000
891.3800,0.0000,0.0000,0.0000,0.0000,3.0000,4.0000,1.0000,0.0000,0.0000,38.0000,0.0000,2.0000,0.0000,1.0000,0.0000,2.0000,1.0000,3.0000,21.0000,0.0000,26.0000,0.0000,0.0000,0.0000,0.0000,0.0000,0.0000,0.0000,0.0000,0.0000,0.0000,8.0000,38.0000,50.0000,3.0000,3.0000,0.0000,0.0000,0.0000
873.9400,0.0000,0.0000,0.0000,0.0000,0.0000,0.0000,0.0000,0.0000,0.0000,0.0000,0.0000,0.0000,0.0000,0.0000,0.0000,0.0000,0.0000,0.0000,0.0000,0.0000,0.0000,0.0000,89.0000,1.0000,0.0000,1.0000,2.0000,6.0000,0.0000,3.0000,0.0000,0.0000,0.0000,0.0000,0.0000,0.0000,90.0000,6.0000,6.0000
782.6500,0.0000,0.0000,0.0000,0.0000,0.0000,0.0000,0.0000,0.0000,0.0000,0.0000,0.0000,0.0000,0.0000,0.0000,0.0000,0.0000,0.0000,0.0000,0.0000,0.0000,0.0000,0.0000,0.0000,9.0000,85.0000,0.0000,1.0000,1.0000,1.0000,1.0000,0.0000,0.0000,0.0000,0.0000,0.0000,0.0000,94.0000,3.0000,1.0000
769.9300,0.0000,0.0000,0.0000,0.0000,0.0000,3.0000,1.0000,1.0000,1.0000,0.0000,74.0000,12.0000,2.0000,1.0000,0.0000,0.0000,0.0000,0.0000,4.0000,0.0000,0.0000,0.0000,0.0000,0.0000,0.0000,0.0000,0.0000,0.0000,0.0000,0.0000,0.0000,80.0000,0.0000,16.0000,3.0000,0.0000,0.0000,0.0000,0.0000
710.4100,0.0000,0.0000,0.0000,0.0000,0.0000,0.0000,0.0000,0.0000,0.0000,0.0000,0.0000,0.0000,0.0000,0.0000,0.0000,0.0000,0.0000,0.0000,0.0000,0.0000,0.0000,4.0000,5.0000,0.0000,0.0000,22.0000,10.0000,57.0000,1.0000,1.0000,0.0000,0.0000,0.0000,0.0000,0.0000,0.0000,9.0000,34.0000,57.0000
599.4100,0.0000,0.0000,0.0000,0.0000,0.0000,12.0000,3.0000,0.0000,0.0000,0.0000,18.0000,55.0000,0.0000,0.0000,2.0000,1.0000,0.0000,0.0000,1.0000,7.0000,0.0000,0.0000,0.0000,0.0000,0.0000,0.0000,0.0000,0.0000,0.0000,0.0000,0.0000,33.0000,0.0000,56.0000,3.0000,7.0000,0.0000,0.0000,0.0000
574.5300,0.0000,0.0000,0.0000,0.0000,0.0000,0.0000,0.0000,0.0000,0.0000,0.0000,0.0000,0.0000,0.0000,0.0000,0.0000,0.0000,0.0000,0.0000,0.0000,0.0000,0.0000,12.0000,1.0000,1.0000,0.0000,9.0000,5.0000,1.0000,6.0000,66.0000,0.0000,0.0000,0.0000,0.0000,0.0000,0.0000,14.0000,86.0000,1.0000
549.2500,0.0000,0.0000,0.0000,0.0000,10.0000,0.0000,0.0000,0.0000,0.0000,6.0000,0.0000,1.0000,0.0000,0.0000,0.0000,0.0000,71.0000,9.0000,4.0000,0.0000,0.0000,0.0000,0.0000,0.0000,0.0000,0.0000,0.0000,0.0000,0.0000,0.0000,0.0000,10.0000,6.0000,76.0000,0.0000,9.0000,0.0000,0.0000,0.0000
486.0000,0.0000,0.0000,0.0000,0.0000,0.0000,0.0000,0.0000,0.0000,0.0000,0.0000,0.0000,0.0000,0.0000,0.0000,0.0000,0.0000,0.0000,0.0000,0.0000,0.0000,0.0000,0.0000,0.0000,7.0000,7.0000,0.0000,65.0000,2.0000,14.0000,2.0000,0.0000,0.0000,0.0000,0.0000,0.0000,0.0000,14.0000,81.0000,2.0000
439.8100,0.0000,0.0000,0.0000,0.0000,1.0000,1.0000,2.0000,0.0000,0.0000,4.0000,0.0000,3.0000,0.0000,0.0000,0.0000,1.0000,5.0000,61.0000,16.0000,0.0000,7.0000,0.0000,0.0000,0.0000,0.0000,0.0000,0.0000,0.0000,0.0000,0.0000,0.0000,4.0000,4.0000,31.0000,1.0000,61.0000,0.0000,0.0000,0.0000
307.9000,0.0000,0.0000,0.0000,0.0000,0.0000,0.0000,0.0000,0.0000,0.0000,0.0000,0.0000,0.0000,0.0000,0.0000,0.0000,0.0000,0.0000,0.0000,0.0000,0.0000,0.0000,0.0000,0.0000,5.0000,3.0000,0.0000,1.0000,4.0000,77.0000,4.0000,0.0000,0.0000,0.0000,0.0000,0.0000,0.0000,8.0000,82.0000,4.0000
273.7800,0.0000,0.0000,0.0000,0.0000,0.0000,2.0000,0.0000,0.0000,0.0000,0.0000,2.0000,7.0000,0.0000,0.0000,0.0000,0.0000,0.0000,0.0000,0.0000,87.0000,0.0000,0.0000,0.0000,0.0000,0.0000,0.0000,0.0000,0.0000,0.0000,0.0000,0.0000,4.0000,0.0000,7.0000,0.0000,87.0000,0.0000,0.0000,0.0000
193.7600,0.0000,0.0000,0.0000,0.0000,0.0000,0.0000,0.0000,0.0000,0.0000,0.0000,0.0000,0.0000,0.0000,0.0000,0.0000,0.0000,0.0000,0.0000,0.0000,0.0000,0.0000,0.0000,1.0000,0.0000,0.0000,65.0000,2.0000,21.0000,3.0000,10.0000,0.0000,0.0000,0.0000,0.0000,0.0000,0.0000,1.0000,80.0000,21.0000
