Mode,Freq,Tx,Ty,Tz,Rx,Ry,Rz,V_Stretch,label,annotation,s_AB
Tx,0.0000,1.0000,0.0000,0.0000,0.0000,0.0000,0.0000,0.0000,Tx,,
Ty,0.0000,0.0000,1.0000,0.0000,0.0000,0.0000,0.0000,0.0000,Ty,,
Tz,0.0000,0.0000,0.0000,1.0000,0.0000,0.0000,0.0000,0.0000,Tz,,
Rx,0.0000,0.0000,0.0000,0.0000,1.0000,0.0000,0.0000,0.0000,Rx,,
Ry,0.0000,0.0000,0.0000,0.0000,0.0000,1.0000,0.0000,0.0000,Ry,,
Rz,0.0000,0.0000,0.0000,0.0000,0.0000,0.0000,1.0000,0.0000,Rz,,
Vib 1,411.9847,0.0000,0.0000,-0.3333,0.0000,0.0000,0.0000,0.0000,B,,
Vib 2,411.9847,0.0000,0.0000,-0.3333,0.0000,0.0000,0.0000,0.0000,B,,
Vib 3,645.8926,0.0000,0.0000,0.0000,0.0000,0.0000,-0.0188,0.0520,B,,
Vib 4,645.8926,0.0000,0.0000,0.0000,0.0000,0.0000,-0.0066,0.0534,B,,
Vib 5,678.1652,0.0000,0.0000,0.0000,0.0000,0.3333,0.0000,0.0000,B,,
Vib 6,684.1694,0.0000,0.0000,0.0000,0.0000,0.0000,0.0000,0.0000,B,,
Vib 7,852.2314,0.0000,0.0000,0.0000,0.0000,0.0000,0.0000,0.0000,B,,
Vib 8,852.2314,0.0000,0.0000,0.0000,0.0000,0.0000,0.0000,0.0000,B,,
Vib 9,931.2417,0.0000,0.0000,0.0000,0.0000,0.0000,0.0000,0.0000,B,,
Vib 10,931.2417,0.0000,0.0000,0.0000,0.0000,0.0000,0.0000,0.0000,B,,
Vib 11,933.5249,0.0000,0.0000,0.0000,0.0000,0.0000,0.0000,0.0000,B,,
Vib 12,992.5830,0.0000,0.0000,0.0000,0.0000,0.0000,0.0000,1.0000,S,,C1-C2:0.1652;C1-C6:0.1652;C1-H7:0.0015;C2-C3:0.1652;C2-H8:0.0015;C3-C4:0.1652;C3-H9:0.0015;C4-C5:0.1652;C4-H10:0.0015;C5-C6:0.1652;C5-H11:0.0015;C6-H12:0.0015
Vib 13,1056.3901,-0.0572,0.0195,0.0000,0.0000,0.0000,0.0000,0.2026,SB,,C1-C2:0.0461;C1-C6:0.0483;C1-H7:0.0002;C2-C3:-0.0022;C2-H8:0.0021;C3-C4:-0.0483;C3-H9:-0.0023;C4-C5:-0.0461;C4-H10:-0.0002;C5-C6:0.0022;C5-H11:-0.0021;C6-H12:0.0023
Vib 14,1056.3901,0.0047,-0.1613,0.0000,0.0000,0.0000,0.0000,0.2274,SB,,C1-C2:0.0292;C1-C6:-0.0254;C1-H7:0.0002;C2-C3:0.0545;C2-H8:0.0021;C3-C4:0.0254;C3-H9:0.0023;C4-C5:-0.0292;C4-H10:-0.0002;C5-C6:-0.0545;C5-H11:-0.0021;C6-H12:-0.0023
Vib 15,1067.4650,0.0000,0.0000,0.0000,0.0000,0.0000,0.0000,0.0000,B,,
Vib 16,1237.2932,0.0000,0.0000,0.0000,0.0000,0.0000,0.0000,0.0979,B,,
Vib 17,1247.1403,0.0000,0.0000,0.0000,0.0000,0.0000,0.3267,0.0590,B,,
Vib 18,1247.1403,0.0000,0.0000,0.0000,0.0000,0.0000,-0.3234,0.0592,B,,
Vib 19,1319.2685,0.0000,-0.0000,0.0000,0.0000,0.0000,0.0000,0.2626,SB,,C1-C2:-0.0438;C1-C6:0.0438;C1-H7:0.0000;C2-C3:0.0438;C2-H8:-0.0000;C3-C4:-0.0438;C3-H9:-0.0000;C4-C5:0.0438;C4-H10:0.0000;C5-C6:-0.0438;C5-H11:0.0000;C6-H12:0.0000
Vib 20,1435.4835,0.0000,0.0000,0.0000,0.0000,0.0000,0.0000,0.0000,B,,
Vib 21,1532.8465,-0.4103,0.0363,0.0000,0.0000,0.0000,0.0000,0.0823,B,,
Vib 22,1532.8465,-0.0068,-0.3261,0.0000,0.0000,0.0000,0.0000,0.0910,B,,
Vib 23,1598.8987,-0.0000,0.0000,0.0000,0.0000,0.0000,0.0349,0.3055,SB,,C1-C2:0.0562;C1-C6:0.0125;C1-H7:0.0014;C2-C3:-0.0794;C2-H8:-0.0009;C3-C4:0.0125;C3-H9:-0.0023;C4-C5:0.0562;C4-H10:0.0014;C5-C6:-0.0794;C5-H11:-0.0009;C6-H12:-0.0023
Vib 24,1598.8987,0.0000,-0.0000,0.0000,0.0000,0.0000,0.0306,0.3114,SB,,C1-C2:-0.0484;C1-C6:0.0830;C1-H7:0.0014;C2-C3:-0.0197;C2-H8:-0.0009;C3-C4:0.0830;C3-H9:0.0023;C4-C5:-0.0484;C4-H10:0.0014;C5-C6:-0.0197;C5-H11:-0.0009;C6-H12:0.0023
Vib 25,3182.2915,-0.0000,0.0000,0.0000,0.0000,0.0000,0.0000,0.9820,S,,C1-C2:0.0000;C1-C6:0.0000;C1-H7:0.1637;C2-C3:0.0000;C2-H8:-0.1637;C3-C4:-0.0000;C3-H9:0.1637;C4-C5:-0.0000;C4-H10:-0.1637;C5-C6:0.0000;C5-H11:0.1637;C6-H12:-0.1637
Vib 26,3191.8910,0.0000,0.0000,0.0000,0.0000,0.0000,-0.0047,0.9882,S,,C1-C2:-0.0007;C1-C6:0.0006;C1-H7:0.1150;C2-C3:0.0009;C2-H8:0.0529;C3-C4:0.0006;C3-H9:-0.3240;C4-C5:-0.0007;C4-H10:0.1150;C5-C6:0.0009;C5-H11:0.0529;C6-H12:-0.3240
Vib 27,3191.8910,-0.0000,0.0000,0.0000,0.0000,0.0000,-0.0422,0.9878,S,,C1-C2:-0.0002;C1-C6:0.0008;C1-H7:-0.2129;C2-C3:-0.0009;C2-H8:0.2750;C3-C4:0.0008;C3-H9:-0.0040;C4-C5:-0.0002;C4-H10:-0.2129;C5-C6:-0.0009;C5-H11:0.2750;C6-H12:-0.0040
Vib 28,3209.6325,-0.0603,-0.1044,0.0000,0.0000,0.0000,0.0000,0.9962,S,,C1-C2:0.0010;C1-C6:-0.0008;C1-H7:-0.0009;C2-C3:0.0019;C2-H8:-0.2611;C3-C4:0.0008;C3-H9:-0.2325;C4-C5:-0.0010;C4-H10:0.0009;C5-C6:-0.0019;C5-H11:0.2611;C6-H12:0.2325
Vib 29,3209.6325,-0.0275,0.0018,0.0000,0.0000,0.0000,-0.0000,0.9954,S,,C1-C2:0.0016;C1-C6:0.0016;C1-H7:-0.3287;C2-C3:-0.0001;C2-H8:-0.0685;C3-C4:-0.0016;C3-H9:0.0971;C4-C5:-0.0016;C4-H10:0.3287;C5-C6:0.0001;C5-H11:0.0685;C6-H12:-0.0971
Vib 30,3223.1696,0.0000,0.0000,0.0000,0.0000,0.0000,0.0000,1.0000,S,,C1-C2:-0.0012;C1-C6:-0.0012;C1-H7:0.1655;C2-C3:-0.0012;C2-H8:0.1655;C3-C4:-0.0012;C3-H9:0.1655;C4-C5:-0.0012;C4-H10:0.1655;C5-C6:-0.0012;C5-H11:0.1655;C6-H12:0.1655
