veda_freq,1_STRE_CH,2_STRE_CH,3_STRE_CH,4_STRE_CH,5_STRE_CH,6_STRE_CH,7_STRE_CC,8_STRE_CC,9_STRE_CC,10_STRE_CC,11_STRE_CC,12_BEND_CCC,13_BEND_HCC,14_BEND_HCC,15_BEND_HCC,16_BEND_HCC,17_BEND_HCC,18_BEND_HCC,19_BEND_CCC,20_BEND_CCC,21_BEND_CCC,22_TORS_HCCC,23_TORS_HCCC,24_TORS_HCCC,25_TORS_HCCC,26_TORS_HCCC,27_TORS_HCCC,28_TORS_CCCC,29_TORS_CCCC,30_TORS_CCCC
3223.1900,8.0000,0.0000,0.0000,80.0000,8.0000,0.0000,0.0000,0.0000,0.0000,0.0000,1.0000,0.0000,0.0000,0.0000,0.0000,0.0000,0.0000,0.0000,0.0000,0.0000,0.0000,0.0000,0.0000,0.0000,0.0000,0.0000,0.0000,0.0000,0.0000,0.0000
3209.6600,4.0000,92.0000,4.0000,4.0000,4.0000,0.0000,0.0000,0.0000,0.0000,0.0000,0.0000,0.0000,0.0000,0.0000,0.0000,0.0000,0.0000,0.0000,0.0000,0.0000,0.0000,0.0000,0.0000,0.0000,0.0000,0.0000,0.0000,0.0000,0.0000,0.0000
3209.6600,84.0000,0.0000,4.0000,4.0000,4.0000,0.0000,1.0000,0.0000,0.0000,0.0000,0.0000,0.0000,0.0000,0.0000,0.0000,0.0000,0.0000,0.0000,0.0000,0.0000,0.0000,0.0000,0.0000,0.0000,0.0000,0.0000,0.0000,0.0000,0.0000,0.0000
3191.9200,4.0000,0.0000,4.0000,4.0000,4.0000,92.0000,0.0000,0.0000,0.0000,0.0000,0.0000,0.0000,0.0000,0.0000,0.0000,0.0000,0.0000,0.0000,0.0000,0.0000,0.0000,0.0000,0.0000,0.0000,0.0000,0.0000,0.0000,0.0000,0.0000,0.0000
3191.9200,4.0000,0.0000,84.0000,4.0000,4.0000,0.0000,0.0000,0.0000,0.0000,0.0000,0.0000,0.0000,0.0000,0.0000,0.0000,0.0000,0.0000,0.0000,0.0000,0.0000,0.0000,0.0000,0.0000,0.0000,0.0000,0.0000,0.0000,0.0000,0.0000,0.0000
3182.3200,0.0000,0.0000,8.0000,8.0000,80.0000,0.0000,0.0000,0.0000,0.0000,0.0000,0.0000,0.0000,0.0000,0.0000,0.0000,0.0000,0.0000,0.0000,0.0000,0.0000,0.0000,0.0000,0.0000,0.0000,0.0000,0.0000,0.0000,0.0000,0.0000,0.0000
1598.9100,0.0000,0.0000,0.0000,0.0000,0.0000,0.0000,0.0000,61.0000,0.0000,0.0000,0.0000,0.0000,1.0000,0.0000,27.0000,0.0000,0.0000,1.0000,0.0000,10.0000,0.0000,0.0000,0.0000,0.0000,0.0000,0.0000,0.0000,0.0000,0.0000,0.0000
1598.9100,0.0000,0.0000,0.0000,0.0000,0.0000,0.0000,0.0000,0.0000,0.0000,59.0000,0.0000,0.0000,31.0000,0.0000,0.0000,0.0000,0.0000,1.0000,7.0000,0.0000,0.0000,0.0000,0.0000,0.0000,0.0000,0.0000,0.0000,0.0000,0.0000,0.0000
1532.8600,0.0000,0.0000,0.0000,0.0000,0.0000,0.0000,15.0000,0.0000,0.0000,0.0000,0.0000,5.0000,1.0000,0.0000,0.0000,0.0000,76.0000,2.0000,2.0000,1.0000,1.0000,0.0000,0.0000,0.0000,0.0000,0.0000,0.0000,0.0000,0.0000,0.0000
1532.8600,0.0000,0.0000,0.0000,0.0000,0.0000,0.0000,0.0000,0.0000,0.0000,0.0000,0.0000,0.0000,1.0000,74.0000,0.0000,2.0000,3.0000,0.0000,0.0000,2.0000,21.0000,0.0000,0.0000,0.0000,0.0000,0.0000,0.0000,0.0000,0.0000,0.0000
1435.5300,0.0000,0.0000,0.0000,0.0000,0.0000,0.0000,0.0000,0.0000,0.0000,0.0000,0.0000,0.0000,0.0000,0.0000,0.0000,0.0000,0.0000,97.0000,0.0000,0.0000,0.0000,0.0000,0.0000,0.0000,0.0000,0.0000,0.0000,0.0000,0.0000,0.0000
1319.2800,0.0000,0.0000,0.0000,0.0000,0.0000,0.0000,0.0000,0.0000,65.0000,0.0000,0.0000,0.0000,0.0000,0.0000,0.0000,34.0000,0.0000,0.0000,0.0000,0.0000,0.0000,0.0000,0.0000,0.0000,0.0000,0.0000,0.0000,0.0000,0.0000,0.0000
1247.1500,0.0000,0.0000,0.0000,0.0000,0.0000,0.0000,0.0000,30.0000,0.0000,0.0000,0.0000,0.0000,1.0000,0.0000,67.0000,0.0000,0.0000,0.0000,0.0000,2.0000,0.0000,0.0000,0.0000,0.0000,0.0000,0.0000,0.0000,0.0000,0.0000,0.0000
1247.1500,0.0000,0.0000,0.0000,0.0000,0.0000,0.0000,0.0000,0.0000,0.0000,34.0000,0.0000,0.0000,64.0000,0.0000,0.0000,0.0000,0.0000,1.0000,0.0000,0.0000,0.0000,0.0000,0.0000,0.0000,0.0000,0.0000,0.0000,0.0000,0.0000,0.0000
1237.3000,0.0000,0.0000,0.0000,0.0000,0.0000,0.0000,0.0000,0.0000,36.0000,0.0000,0.0000,0.0000,0.0000,0.0000,0.0000,62.0000,0.0000,0.0000,0.0000,0.0000,0.0000,0.0000,0.0000,0.0000,0.0000,0.0000,0.0000,0.0000,0.0000,0.0000
1067.4700,0.0000,0.0000,0.0000,0.0000,0.0000,0.0000,0.0000,0.0000,0.0000,0.0000,0.0000,95.0000,0.0000,0.0000,0.0000,0.0000,0.0000,0.0000,0.0000,0.0000,0.0000,0.0000,0.0000,0.0000,0.0000,0.0000,0.0000,0.0000,0.0000,0.0000
1056.4000,0.0000,0.0000,0.0000,0.0000,0.0000,0.0000,0.0000,0.0000,0.0000,0.0000,0.0000,0.0000,1.0000,22.0000,0.0000,3.0000,3.0000,0.0000,0.0000,2.0000,73.0000,0.0000,0.0000,0.0000,0.0000,0.0000,0.0000,0.0000,0.0000,0.0000
1056.4000,0.0000,0.0000,0.0000,0.0000,0.0000,0.0000,80.0000,0.0000,0.0000,0.0000,0.0000,4.0000,1.0000,0.0000,0.0000,0.0000,15.0000,1.0000,1.0000,0.0000,1.0000,0.0000,0.0000,0.0000,0.0000,0.0000,0.0000,0.0000,0.0000,0.0000
992.5900,0.0000,0.0000,0.0000,0.0000,0.0000,0.0000,0.0000,0.0000,0.0000,0.0000,99.0000,0.0000,0.0000,0.0000,0.0000,0.0000,0.0000,0.0000,0.0000,0.0000,0.0000,0.0000,0.0000,0.0000,0.0000,0.0000,0.0000,0.0000,0.0000,0.0000
933.5300,0.0000,0.0000,0.0000,0.0000,0.0000,0.0000,0.0000,0.0000,0.0000,0.0000,0.0000,0.0000,0.0000,0.0000,0.0000,0.0000,0.0000,0.0000,0.0000,0.0000,0.0000,0.0000,0.0000,0.0000,86.0000,0.0000,0.0000,3.0000,13.0000,2.0000
931.2500,0.0000,0.0000,0.0000,0.0000,0.0000,0.0000,0.0000,0.0000,0.0000,0.0000,0.0000,0.0000,0.0000,0.0000,0.0000,0.0000,0.0000,0.0000,0.0000,0.0000,0.0000,84.0000,1.0000,0.0000,0.0000,0.0000,4.0000,10.0000,0.0000,0.0000
931.2500,0.0000,0.0000,0.0000,0.0000,0.0000,0.0000,0.0000,0.0000,0.0000,0.0000,0.0000,0.0000,0.0000,0.0000,0.0000,0.0000,0.0000,0.0000,0.0000,0.0000,0.0000,2.0000,1.0000,0.0000,0.0000,0.0000,83.0000,9.0000,0.0000,5.0000
852.2900,0.0000,0.0000,0.0000,0.0000,0.0000,0.0000,0.0000,0.0000,0.0000,0.0000,0.0000,0.0000,0.0000,0.0000,0.0000,0.0000,0.0000,0.0000,0.0000,0.0000,0.0000,0.0000,0.0000,100.0000,0.0000,0.0000,0.0000,0.0000,0.0000,0.0000
852.2900,0.0000,0.0000,0.0000,0.0000,0.0000,0.0000,0.0000,0.0000,0.0000,0.0000,0.0000,0.0000,0.0000,0.0000,0.0000,0.0000,0.0000,0.0000,0.0000,0.0000,0.0000,0.0000,0.0000,0.0000,0.0000,100.0000,0.0000,0.0000,0.0000,0.0000
684.1700,0.0000,0.0000,0.0000,0.0000,0.0000,0.0000,0.0000,0.0000,0.0000,0.0000,0.0000,0.0000,0.0000,0.0000,0.0000,0.0000,0.0000,0.0000,0.0000,0.0000,0.0000,0.0000,98.0000,0.0000,0.0000,0.0000,0.0000,0.0000,0.0000,0.0000
678.1700,0.0000,0.0000,0.0000,0.0000,0.0000,0.0000,0.0000,0.0000,0.0000,0.0000,0.0000,0.0000,0.0000,0.0000,0.0000,0.0000,0.0000,0.0000,0.0000,0.0000,0.0000,0.0000,0.0000,0.0000,11.0000,0.0000,0.0000,3.0000,85.0000,3.0000
645.9000,0.0000,0.0000,0.0000,0.0000,0.0000,0.0000,0.0000,0.0000,0.0000,7.0000,0.0000,0.0000,1.0000,0.0000,0.0000,0.0000,0.0000,0.0000,91.0000,0.0000,0.0000,0.0000,0.0000,0.0000,0.0000,0.0000,0.0000,0.0000,0.0000,0.0000
645.9000,0.0000,0.0000,0.0000,0.0000,0.0000,0.0000,0.0000,9.0000,0.0000,0.0000,0.0000,0.0000,0.0000,0.0000,5.0000,0.0000,0.0000,0.0000,0.0000,85.0000,0.0000,0.0000,0.0000,0.0000,0.0000,0.0000,0.0000,0.0000,0.0000,0.0000
411.9900,0.0000,0.0000,0.0000,0.0000,0.0000,0.0000,0.0000,0.0000,0.0000,0.0000,0.0000,0.0000,0.0000,0.0000,0.0000,0.0000,0.0000,0.0000,0.0000,0.0000,0.0000,1.0000,1.0000,0.0000,0.0000,0.0000,8.0000,3.0000,0.0000,89.0000
411.9900,0.0000,0.0000,0.0000,0.0000,0.0000,0.0000,0.0000,0.0000,0.0000,0.0000,0.0000,0.0000,0.0000,0.0000,0.0000,0.0000,0.0000,0.0000,0.0000,0.0000,0.0000,16.0000,2.0000,0.0000,0.0000,0.0000,6.0000,74.0000,0.0000,0.0000
