Mode,Freq,Tx,Ty,Tz,Rx,Ry,Rz,V_Stretch,Mu,K,Irrep,label,annotation,s_AB,PED_Stretch_pct,PED_Bend_pct,PED_S_C-C_pct,BondScore_C-C,BondScore_C-C_pct,PED_S_C-H_pct,BondScore_C-H,BondScore_C-H_pct,PED_S_C-N_pct,BondScore_C-N,BondScore_C-N_pct
Tx,0.0000,1.0000,0.0000,0.0000,0.0000,-0.0104,0.0000,0.0000,,,,Tx,,,,,,,,,,,,,
Ty,0.0000,0.0000,1.0000,0.0000,-0.0000,0.0000,-0.2949,0.0000,,,,Ty,,,,,,,,,,,,,
Tz,0.0000,0.0000,0.0000,1.0000,0.0000,0.2946,0.0000,0.0000,,,,Tz,,,,,,,,,,,,,
Rx,0.0000,0.0000,-0.0000,0.0000,1.0000,0.0000,0.0192,0.0000,,,,Rx,,,,,,,,,,,,,
Ry,0.0000,-0.0104,0.0000,0.2946,0.0000,1.0000,0.0000,0.0000,,,,Ry,,,,,,,,,,,,,
Rz,0.0000,0.0000,-0.2949,0.0000,0.0384,0.0000,1.0000,0.0000,,,,Rz,,,,,,,,,,,,,
Vib 1,419.1099,-0.0017,-0.5100,-0.0036,0.1507,-0.0045,0.6214,0.0012,4.0362,0.4177,E,B,,,0.0000,99.0000,0.0000,0.0000,0.0000,0.0000,0.0012,102.0040,0.0000,0.0000,0.0000
Vib 2,419.1099,0.0765,0.0035,-0.4927,0.0029,-0.6119,-0.0040,0.0013,4.0362,0.4177,E,B,,,0.0000,99.0000,0.0000,0.0000,0.0000,0.0000,0.0013,97.8854,0.0000,0.0000,0.0000
Vib 3,895.5348,0.3331,0.0000,0.0000,0.0000,-0.0099,0.0000,0.9988,5.5512,2.6230,A1,S,,C1-H2:-0.0000;C1-H3:-0.0000;C1-H4:-0.0000;C1-C5:-0.9445;C5-N6:-0.0543,100.0000,1.0000,94.0000,0.9445,94.5620,0.0000,0.0000,0.0003,6.0000,0.0543,5.4363
Vib 4,1146.4196,-0.0884,-0.0016,0.0714,-0.0069,0.2165,0.0030,0.0166,1.4113,1.0928,E,B,,,0.0000,101.0000,0.0000,0.0000,0.0000,0.0000,0.0166,100.0214,0.0000,0.0000,0.0000
Vib 5,1146.4196,-0.0047,-0.0951,-0.0011,0.1557,-0.0040,0.2314,0.0153,1.4113,1.0928,E,B,,,0.0000,101.0000,0.0000,0.0000,0.0000,0.0000,0.0153,99.7980,0.0000,0.0000,0.0000
Vib 6,1512.3244,0.1263,0.0000,0.0000,0.0000,-0.0163,0.0000,0.0862,1.1840,1.5955,A1,B,,,1.0000,99.0000,1.0000,0.0673,78.0779,0.0000,0.0188,21.8025,0.0000,0.0001,0.1471
Vib 7,1584.4857,-0.0554,-0.0028,0.0198,0.0136,-0.0892,-0.0005,0.0244,1.0407,1.5394,E,B,,,0.0000,100.0000,0.0000,0.0000,0.0000,0.0000,0.0244,99.9703,0.0000,0.0000,0.0000
Vib 8,1584.4857,0.0051,0.0360,-0.0005,0.1361,-0.0048,0.0693,0.0205,1.0407,1.5394,E,B,,,0.0000,100.0000,0.0000,0.0000,0.0000,0.0000,0.0205,100.0087,0.0000,0.0000,0.0000
Vib 9,2157.0715,-0.6615,0.0000,0.0000,0.0000,0.0127,0.0000,1.0000,12.0416,33.0114,A1,S,,C1-H2:-0.0000;C1-H3:-0.0000;C1-H4:-0.0000;C1-C5:0.2989;C5-N6:-0.7010,100.0000,0.0000,6.0000,0.2989,29.8910,0.0000,0.0001,0.0050,94.0000,0.7010,70.1006
Vib 10,3100.7664,0.0033,0.0000,0.0000,0.0000,-0.0127,0.0000,0.9985,1.0325,5.8488,A1,S,,C1-H2:0.3286;C1-H3:0.3286;C1-H4:0.3286;C1-C5:-0.0126;C5-N6:-0.0000,100.0000,0.0000,0.0000,0.0126,1.2645,100.0000,0.9858,98.7287,0.0000,0.0000,0.0048
Vib 11,3173.4739,0.0553,-0.2233,-0.1973,-0.0909,0.3212,-0.0486,0.9551,1.0997,6.5251,E,S,,C1-H2:0.5304;C1-H3:-0.4164;C1-H4:-0.0083;C1-C5:0.0000;C5-N6:0.0000,100.0000,0.0000,0.0000,0.0000,0.0000,100.0000,0.9551,100.0034,0.0000,0.0000,0.0000
Vib 12,3173.4739,0.0580,-0.2036,0.0540,0.0088,-0.1647,-0.3205,0.9553,1.0997,6.5251,E,S,,C1-H2:-0.1064;C1-H3:-0.2205;C1-H4:0.6284;C1-C5:0.0000;C5-N6:0.0000,100.0000,0.0000,0.0000,0.0000,0.0000,100.0000,0.9553,99.9965,0.0000,0.0000,0.0000
