veda_freq,1_STRE_CH,2_BEND_HCCl,3_BEND_HCCl,4_STRE_ClC,5_STRE_ClC,6_STRE_ClC,7_OUT_ClClClC,8_BEND_ClCCl,9_BEND_ClCCl
3281.3500,100.0000,0.0000,0.0000,0.0000,0.0000,0.0000,0.0000,0.0000,0.0000
1233.4000,0.0000,97.0000,0.0000,0.0000,2.0000,0.0000,1.0000,0.0000,0.0000
1233.4000,0.0000,0.0000,97.0000,2.0000,0.0000,0.0000,0.0000,1.0000,0.0000
699.3100,0.0000,2.0000,0.0000,0.0000,88.0000,0.0000,1.0000,0.0000,9.0000
699.3100,0.0000,0.0000,2.0000,89.0000,0.0000,0.0000,0.0000,9.0000,0.0000
588.2000,0.0000,0.0000,0.0000,0.0000,0.0000,59.0000,41.0000,0.0000,0.0000
322.7800,0.0000,0.0000,0.0000,0.0000,0.0000,42.0000,58.0000,0.0000,0.0000
237.3000,0.0000,0.0000,0.0000,9.0000,0.0000,0.0000,0.0000,91.0000,0.0000
237.3000,0.0000,0.0000,0.0000,0.0000,9.0000,0.0000,0.0000,0.0000,91.0000
