Mode,Freq,Tx,Ty,Tz,Rx,Ry,Rz,V_Stretch,Mu,K,Irrep,vib_label,tr_label,tr_score,s_AB[C1-O2],s_AB[C1-O3]
Tx,0.0000,1.0000,0.0000,0.0000,0.0000,0.0000,0.0000,0.0000,,,,B,Tx,1.0000,0.0000,0.0000
Ty,0.0000,0.0000,1.0000,0.0000,0.0000,0.0000,0.0000,0.0000,,,,B,Ty,1.0000,0.0000,0.0000
Tz,0.0000,0.0000,0.0000,1.0000,0.0000,0.0000,0.0000,0.0000,,,,B,Tz,1.0000,0.0000,0.0000
Ry,0.0000,0.0000,0.0000,0.0000,0.0000,1.0000,0.0000,0.0000,,,,B,Ry,1.0000,0.0000,0.0000
Rz,0.0000,0.0000,0.0000,0.0000,0.0000,0.0000,1.0000,0.0000,,,,B,Rz,1.0000,0.0000,0.0000
Vib 1,551.7050,0.0000,-0.3333,-0.0013,0.0000,0.0000,0.0000,0.0000,12.8774,2.3094,PIU,B,,,0.0000,0.0000
Vib 2,551.7050,0.0000,0.0013,-0.3333,0.0000,0.0000,0.0000,0.0000,12.8774,2.3094,PIU,B,,,0.0000,0.0000
Vib 3,1241.2837,0.0000,0.0000,0.0000,0.0000,0.0000,0.0000,1.0000,15.9949,14.5203,SGG,S,,,0.5000,0.5000
Vib 4,2347.6434,-0.3333,0.0000,0.0000,0.0000,0.0000,0.0000,1.0000,12.8774,41.8159,SGU,S,,,-0.5000,0.5000
