Mode,Freq,Tx,Ty,Tz,Rx,Ry,Rz,V_Stretch
Tx,0.0000,1.0000,0.0000,0.0000,0.0000,0.0000,0.0000,0.0000
Ty,0.0000,0.0000,1.0000,0.0000,0.0000,0.0000,0.0000,0.0000
Tz,0.0000,0.0000,0.0000,1.0000,0.0000,0.0000,0.0000,0.0000
Rx,0.0000,0.0000,0.0000,0.0000,0.0000,0.0000,0.0000,0.0000
Ry,0.0000,0.0000,0.0000,0.0000,0.0000,1.0000,0.0000,0.0000
Rz,0.0000,0.0000,0.0000,0.0000,0.0000,0.0000,1.0000,0.0000
Vib 1,551.7050,0.0000,0.0000,-0.3333,0.0000,0.0000,0.0000,0.0000
Vib 2,551.7050,0.0000,-0.3333,-0.0000,0.0000,0.0000,0.0000,0.0000
Vib 3,1241.2837,0.0000,0.0000,0.0000,0.0000,0.0000,0.0000,1.0000
Vib 4,2347.6434,-0.3333,0.0000,0.0000,0.0000,0.0000,0.0000,1.0000
