Mode,Freq,Tx,Ty,Tz,Rx,Ry,Rz,V_Stretch,Mu,K,Irrep
Tx,0.0000,1.0000,0.0000,0.0000,0.0000,0.0000,0.0411,0.0000,,,
Ty,0.0000,0.0000,1.0000,0.0000,0.0000,0.0000,0.0000,0.0000,,,
Tz,0.0000,0.0000,0.0000,1.0000,-0.3333,0.0000,0.0000,0.0000,,,
Rx,0.0000,0.0000,0.0000,-0.3333,1.0000,0.0000,0.0000,0.0000,,,
Ry,0.0000,0.0000,0.0000,0.0000,0.0000,1.0000,0.0000,0.0000,,,
Rz,0.0000,0.0411,0.0000,0.0000,0.0000,0.0000,1.0000,0.0000,,,
Vib 1,1722.4570,0.0000,-0.2277,0.0000,0.0000,0.0000,0.0000,0.1343,1.0916,1.9082,A1
Vib 2,3501.5073,0.0000,0.0032,0.0000,0.0000,0.0000,0.0000,0.9966,1.0369,7.4906,A1
Vib 3,3660.7973,-0.1963,0.0000,0.0000,0.0000,0.0000,-0.2959,0.9984,1.0826,8.5478,B2
