Mode,Freq,Tx,Ty,Tz,Rx,Ry,Rz,V_Stretch,Mu,K,Irrep,vib_label,tr_label,tr_score,s_AB[O1-Br2],s_AB[O1-Br3],s_AB[O1-Br4],s_AB[O1-Br5]
Tx,0.0000,1.0000,0.0000,0.0000,0.0000,0.0309,0.0000,0.0000,,,,B,Tx,1.0000,0.0000,0.0000,0.0000,0.0000
Ty,0.0000,0.0000,1.0000,0.0000,-0.3691,0.0000,0.0000,0.0000,,,,B,Ty,1.0000,0.0000,0.0000,0.0000,0.0000
Tz,0.0000,0.0000,0.0000,1.0000,0.0000,0.0000,0.0000,0.0000,,,,B,Tz,1.0000,0.0000,0.0000,0.0000,0.0000
Rx,0.0000,0.0000,-0.3691,0.0000,1.0000,0.0000,0.0000,0.0000,,,,B,Rx,1.0000,-0.0000,0.0000,0.0000,0.0000
Ry,0.0000,0.0309,0.0000,0.0000,0.0000,1.0000,0.0000,0.0000,,,,B,Ry,1.0000,0.0000,0.0000,0.0000,0.0000
Rz,0.0000,0.0000,0.0000,0.0000,0.0000,0.0000,1.0000,0.0000,,,,B,Rz,1.0000,0.0000,0.0000,0.0000,0.0000
Vib 1,69.2854,0.0000,0.0000,-0.2001,0.0000,0.0000,0.0000,0.0001,78.9183,0.2232,A1,B,,,0.0000,0.0000,-0.0000,-0.0000
Vib 2,69.3007,0.0000,0.0000,0.0000,0.0000,0.0000,0.0000,0.0000,78.9183,0.2233,A2,B,,,0.0000,0.0000,0.0000,0.0000
Vib 3,85.8973,0.0000,0.0000,-0.1671,0.0000,0.0000,0.0000,0.2461,70.0154,0.3044,A1,B,,,0.0615,0.0615,-0.0615,-0.0615
Vib 4,85.9208,0.0000,-0.0217,0.0000,-0.0562,0.0000,0.0000,0.1337,70.0165,0.3045,B2,B,,,-0.0669,0.0669,0.0000,0.0000
Vib 5,85.9250,0.0217,0.0000,0.0000,0.0000,0.4562,0.0000,0.1337,70.0164,0.3046,B1,B,,,0.0000,0.0000,0.0669,-0.0669
Vib 6,186.2227,0.0000,0.0000,-0.2000,0.0000,0.0000,0.0000,1.0000,78.9183,1.6125,A1,S,,,0.2500,0.2500,0.2500,0.2500
Vib 7,482.8056,0.0000,0.0000,-0.4084,0.0000,0.0000,0.0000,0.6104,17.0927,2.3475,A1,S,,,0.1526,0.1526,-0.1526,-0.1526
Vib 8,482.8304,0.0000,-0.5531,0.0000,0.1496,0.0000,0.0000,0.4442,17.0926,2.3477,B2,S,,,-0.2221,0.2221,0.0000,0.0000
Vib 9,482.8417,-0.5531,0.0000,0.0000,0.0000,0.5496,0.0000,0.4442,17.0926,2.3478,B1,S,,,0.0000,0.0000,-0.2221,0.2221
