Mode,Freq,Tx,Ty,Tz,Rx,Ry,Rz,V_Stretch,Mu,K,Irrep,label,annotation,s_AB
Tx,0.0000,1.0000,0.0000,0.0000,0.0000,-0.2750,0.0000,0.0000,,,,Tx,,
Ty,0.0000,0.0000,1.0000,0.0000,0.2942,0.0000,0.0000,0.0000,,,,Ty,,
Tz,0.0000,0.0000,0.0000,1.0000,0.0000,-0.0992,0.0000,0.0000,,,,Tz,,
Rx,0.0000,0.0000,0.2942,0.0000,1.0000,0.0000,-0.1372,0.0000,,,,Rx,,
Ry,0.0000,-0.2750,0.0000,-0.0992,0.0000,1.0000,0.0000,0.0000,,,,Ry,,
Rz,0.0000,0.0000,0.0000,0.0000,-0.1029,0.0000,1.0000,0.0000,,,,Rz,,
Vib 1,819.1607,-0.0000,0.0000,0.3970,0.0000,-0.1172,0.0000,0.0541,1.0264,0.4058,A1,B,,
Vib 2,832.9185,0.0000,0.0227,-0.0000,0.2799,0.0000,0.1524,0.0064,1.0127,0.4139,E,B,,
Vib 3,832.9185,0.0114,0.0000,-0.0847,0.0000,0.2139,-0.0000,0.0078,1.0127,0.4139,E,B,,
Vib 4,1929.8925,-0.1651,-0.0000,0.1347,0.0000,0.2411,-0.0000,0.9999,1.0165,2.2307,E,S,,Sb1-H2:0.6666;Sb1-H3:-0.1667;Sb1-H4:-0.1666
Vib 5,1929.8925,-0.0008,-0.1364,-0.0008,-0.0039,-0.0002,0.3302,0.9999,1.0165,2.2307,E,S,,Sb1-H2:0.0000;Sb1-H3:0.5000;Sb1-H4:-0.5000
Vib 6,1938.4418,0.0000,0.0000,-0.1223,0.0000,-0.0050,0.0000,0.9991,1.0140,2.2448,A1,S,,Sb1-H2:0.3330;Sb1-H3:0.3330;Sb1-H4:0.3330
