Mode,Freq,Tx,Ty,Tz,Rx,Ry,Rz,V_Stretch,Mu,K,Irrep,label,annotation,s_AB[C1-C2],s_AB[C1-C3],s_AB[C1-H4],s_AB[C1-H5],s_AB[C2-C3],s_AB[C2-H6],s_AB[C2-H7],s_AB[C3-H8],s_AB[C3-H9],PED_Stretch_pct,PED_Bend_pct,PED_S_C-C_pct,BondScore_C-C,BondScore_C-C_pct,PED_S_C-H_pct,BondScore_C-H,BondScore_C-H_pct
Tx,0.0000,1.0000,0.0000,0.0000,0.0000,-0.0000,0.0000,0.0000,,,,Tx,,0.0000,0.0000,0.0000,0.0000,0.0000,0.0000,0.0000,0.0000,0.0000,,,,,,,,
Ty,0.0000,0.0000,1.0000,0.0000,0.0000,0.0000,-0.0000,0.0000,,,,Ty,,0.0000,0.0000,0.0000,0.0000,0.0000,0.0000,0.0000,0.0000,0.0000,,,,,,,,
Tz,0.0000,0.0000,0.0000,1.0000,0.0000,0.2007,0.0000,0.0000,,,,Tz,,0.0000,0.0000,0.0000,0.0000,0.0000,0.0000,0.0000,0.0000,0.0000,,,,,,,,
Rx,0.0000,0.0000,0.0000,0.0000,1.0000,0.0000,0.0000,0.0000,,,,Rx,,0.0000,0.0000,0.0000,0.0000,0.0000,0.0000,0.0000,0.0000,0.0000,,,,,,,,
Ry,0.0000,0.0000,0.0000,0.2007,0.0000,1.0000,0.0000,0.0000,,,,Ry,,0.0000,0.0000,0.0000,0.0000,0.0000,-0.0000,0.0000,0.0000,-0.0000,,,,,,,,
Rz,0.0000,0.0000,-0.0000,0.0000,0.0000,0.0000,1.0000,0.0000,,,,Rz,,-0.0000,0.0000,0.0000,0.0000,0.0000,-0.0000,-0.0000,0.0000,0.0000,,,,,,,,
Vib 1,793.0838,0.0000,0.0000,-0.1210,-0.2339,0.0785,0.0000,0.0084,1.0274,0.3808,"E""",B,,0.0000,0.0000,0.0011,-0.0011,0.0000,0.0011,-0.0011,0.0020,-0.0020,0.0000,106.0000,0.0000,0.0000,0.0000,0.0000,0.0084,100.4481
Vib 2,793.0838,0.0000,0.0000,-0.1111,0.0050,-0.2831,0.0000,0.0072,1.0274,0.3808,"E""",B,,0.0000,0.0000,-0.0018,0.0018,0.0000,0.0018,-0.0018,-0.0000,0.0000,0.0000,95.0000,0.0000,0.0000,0.0000,0.0000,0.0072,100.6856
Vib 3,856.1975,-0.0002,0.0653,0.0000,0.0000,0.0000,-0.0550,0.5773,4.6264,1.9982,E',S,,-0.2855,0.2886,-0.0000,-0.0000,-0.0031,0.0000,0.0000,-0.0000,-0.0000,12.0000,88.0000,12.0000,0.5773,99.9921,0.0000,0.0000,0.0078
Vib 4,856.1975,-0.0502,-0.0009,0.0000,0.0000,0.0000,-0.0016,0.6630,4.6264,1.9982,E',S,,0.1684,0.1630,-0.0000,-0.0000,-0.3315,0.0000,0.0000,0.0000,0.0000,93.0000,15.0000,93.0000,0.6630,99.9946,0.0000,0.0001,0.0076
Vib 5,887.3474,0.0000,0.0000,0.0073,0.0000,0.0186,0.0000,0.0121,1.0448,0.4847,"A2""",B,,0.0000,0.0000,-0.0020,0.0020,0.0000,-0.0020,0.0020,0.0020,-0.0020,0.0000,96.0000,0.0000,0.0000,0.0000,0.0000,0.0121,100.2209
Vib 6,1147.2350,0.0004,0.2384,0.0000,0.0000,0.0000,-0.1142,0.0772,1.1922,0.9245,E',B,,0.0374,-0.0359,-0.0000,-0.0000,-0.0015,-0.0006,-0.0006,0.0005,0.0005,3.0000,98.0000,3.0000,0.0748,96.8598,0.0000,0.0024,3.0932
Vib 7,1147.2350,0.1657,-0.1010,0.0000,0.0000,-0.0000,-0.1006,0.0871,1.1922,0.9245,E',B,,0.0199,0.0225,-0.0001,-0.0001,-0.0423,0.0006,0.0006,0.0005,0.0005,1.0000,99.0000,1.0000,0.0846,97.1542,0.0000,0.0025,2.8199
Vib 8,1152.8015,-0.0000,0.0000,0.0000,0.0000,0.0000,0.0000,0.9986,3.9738,3.1114,A1',S,,0.3324,0.3324,0.0002,0.0002,0.3324,0.0002,0.0002,0.0002,0.0002,88.0000,4.0000,87.0000,0.9972,99.8647,1.0000,0.0013,0.1341
Vib 9,1169.7560,0.0000,0.0000,0.0000,0.0000,0.0000,0.3333,0.0000,1.4186,1.1437,A2',B,,-0.0000,0.0000,0.0000,0.0000,0.0000,-0.0000,-0.0000,0.0000,0.0000,0.0000,98.0000,0.0000,0.0000,,0.0000,0.0000,
Vib 10,1215.8586,0.0000,0.0000,0.0000,-0.1040,0.0000,0.0000,0.0000,1.0078,0.8778,"A1""",B,,0.0000,0.0000,0.0000,0.0000,0.0000,0.0000,-0.0000,0.0000,-0.0000,0.0000,96.0000,0.0000,0.0000,,0.0000,0.0000,
Vib 11,1258.6602,0.0000,0.0000,-0.1124,0.2818,-0.1495,-0.0000,0.0018,1.4315,1.3362,"E""",B,,0.0000,0.0000,-0.0002,0.0002,0.0000,-0.0002,0.0002,-0.0005,0.0005,0.0000,109.0000,0.0000,0.0000,0.0000,0.0000,0.0018,102.7236
Vib 12,1258.6602,0.0000,0.0000,-0.1111,0.3017,0.1263,0.0000,0.0016,1.4315,1.3362,"E""",B,,0.0000,0.0000,0.0004,-0.0004,0.0000,-0.0004,0.0004,0.0000,-0.0000,0.0000,96.0000,0.0000,0.0000,0.0000,0.0000,0.0016,102.0405
Vib 13,1564.0808,0.1067,0.1705,0.0000,0.0000,0.0000,0.0782,0.0386,1.0850,1.5638,E',B,,-0.0088,0.0085,0.0000,0.0000,0.0003,0.0051,0.0051,-0.0054,-0.0054,0.0000,101.0000,0.0000,0.0176,45.6990,0.0000,0.0210,54.3401
Vib 14,1564.0808,0.0988,0.0038,0.0000,0.0000,-0.0000,-0.0026,0.0410,1.0850,1.5638,E',B,,-0.0048,-0.0053,0.0070,0.0070,0.0100,-0.0019,-0.0019,-0.0016,-0.0016,2.0000,98.0000,2.0000,0.0200,48.8727,0.0000,0.0210,51.1692
Vib 15,1584.6164,-0.0000,0.0000,0.0000,0.0000,-0.0000,0.0000,0.1761,1.1445,1.6932,A1',B,,-0.0533,-0.0533,0.0027,0.0027,-0.0533,0.0027,0.0027,0.0027,0.0027,1.0000,98.0000,1.0000,0.1599,90.8212,0.0000,0.0162,9.2054
Vib 16,3205.0308,0.0096,-0.0005,0.0000,0.0000,-0.0000,0.0007,0.9871,1.0496,6.3524,E',S,,-0.0024,-0.0079,0.2947,0.2947,0.0103,-0.1722,-0.1722,-0.0164,-0.0164,99.0000,0.0000,0.0000,0.0206,2.0829,99.0000,0.9666,97.9201
Vib 17,3205.0308,0.0044,0.0083,0.0000,0.0000,0.0000,0.0005,0.9875,1.0496,6.3524,E',S,,-0.0105,0.0073,0.0274,0.0274,0.0031,0.1500,0.1500,-0.3058,-0.3058,99.0000,0.0000,0.0000,0.0209,2.1213,99.0000,0.9666,97.8797
Vib 18,3214.4952,0.0000,0.0000,0.0000,0.0000,0.0000,0.0000,0.9988,1.0611,6.4600,A1',S,,-0.0261,-0.0261,0.1534,0.1534,-0.0261,0.1534,0.1534,0.1534,0.1534,101.0000,0.0000,0.0000,0.0783,7.8386,101.0000,0.9205,92.1631
Vib 19,3289.4400,0.0000,0.0000,-0.0757,0.0408,-0.0139,0.0000,0.8643,1.1172,7.1222,"E""",S,,0.0000,0.0000,-0.0722,0.0722,0.0000,-0.0718,0.0718,-0.2881,0.2881,99.0000,0.0000,0.0000,0.0000,0.0000,99.0000,0.8643,99.9950
Vib 20,3289.4400,0.0000,0.0000,0.0921,-0.0638,0.1967,0.0000,0.8642,1.1172,7.1222,"E""",S,,0.0000,0.0000,-0.2158,0.2158,0.0000,0.2163,-0.2163,0.0000,-0.0000,99.0000,0.0000,0.0000,0.0000,0.0000,99.0000,0.8642,100.0036
Vib 21,3311.8831,0.0000,0.0000,0.2244,0.0000,-0.0667,0.0000,0.9984,1.1153,7.2075,"A2""",S,,0.0000,0.0000,0.1664,-0.1664,0.0000,0.1664,-0.1664,-0.1664,0.1664,101.0000,0.0000,0.0000,0.0000,0.0000,101.0000,0.9984,99.9995
