Mode,Freq,Tx,Ty,Tz,Rx,Ry,Rz,V_Stretch,Mu,K,Irrep,label,annotation,s_AB[C1-H5],s_AB[C1-H6],s_AB[C1-O10],s_AB[C1-O12],s_AB[C2-H4],s_AB[C2-H9],s_AB[C2-O10],s_AB[C2-O11],s_AB[C3-H7],s_AB[C3-H8],s_AB[C3-O11],s_AB[C3-O12],PED_Stretch_pct,PED_Bend_pct,PED_S_C-H_pct,BondScore_C-H,BondScore_C-H_pct,PED_S_C-O_pct,BondScore_C-O,BondScore_C-O_pct
Tx,0.0000,1.0000,0.0000,0.0000,0.0000,0.1055,0.0000,0.0000,,,,Tx,,0.0000,0.0000,0.0000,0.0000,0.0000,0.0000,0.0000,0.0000,0.0000,0.0000,0.0000,0.0000,,,,,,,,
Ty,0.0000,0.0000,1.0000,0.0000,-0.1670,0.0000,0.0000,0.0000,,,,Ty,,0.0000,0.0000,0.0000,0.0000,0.0000,0.0000,0.0000,0.0000,0.0000,0.0000,0.0000,0.0000,,,,,,,,
Tz,0.0000,0.0000,0.0000,1.0000,0.0989,0.0000,0.0000,0.0000,,,,Tz,,0.0000,0.0000,0.0000,0.0000,0.0000,0.0000,0.0000,0.0000,0.0000,0.0000,0.0000,0.0000,,,,,,,,
Rx,0.0000,0.0000,-0.1670,0.0989,1.0000,-0.0000,0.0000,0.0000,,,,Rx,,0.0000,0.0000,-0.0000,-0.0000,0.0000,-0.0000,0.0000,0.0000,0.0000,-0.0000,0.0000,0.0000,,,,,,,,
Ry,0.0000,0.1055,0.0000,0.0000,0.0000,1.0000,0.0814,0.0000,,,,Ry,,0.0000,0.0000,-0.0000,0.0000,0.0000,0.0000,-0.0000,0.0000,0.0000,0.0000,0.0000,0.0000,,,,,,,,
Rz,0.0000,0.0000,0.0000,0.0000,-0.0000,0.0814,1.0000,0.0000,,,,Rz,,0.0000,0.0000,0.0000,-0.0000,0.0000,0.0000,0.0000,-0.0000,0.0000,-0.0000,0.0000,-0.0000,,,,,,,,
Vib 1,289.9891,0.0121,-0.0368,-0.2046,-0.2882,-0.0020,-0.0084,0.0227,2.5861,0.1281,E,B,,0.0005,-0.0002,-0.0072,-0.0071,0.0000,-0.0001,0.0023,0.0007,0.0001,-0.0002,0.0018,0.0025,0.0000,100.0000,0.0000,0.0011,4.7871,0.0000,0.0217,95.3869
Vib 2,289.9891,0.1365,0.0030,-0.1050,0.0755,-0.2269,0.0637,0.0257,2.5861,0.1281,E,B,,-0.0000,0.0000,0.0021,-0.0017,-0.0001,0.0004,-0.0060,-0.0054,0.0001,-0.0004,0.0045,0.0051,1.0000,97.0000,0.0000,0.0011,4.1124,1.0000,0.0247,96.0071
Vib 3,443.2820,0.0000,0.0000,-0.2433,-0.2377,0.0000,0.0000,0.0086,1.7999,0.2084,A1,B,,-0.0007,0.0005,0.0008,0.0008,0.0005,-0.0007,0.0008,0.0008,0.0005,-0.0007,0.0008,0.0008,0.0000,101.0000,0.0000,0.0035,41.1306,0.0000,0.0050,58.5897
Vib 4,502.3556,-0.3201,-0.1189,0.0217,0.0119,0.1906,0.0957,0.1526,7.2061,1.0714,E,B,,0.0000,0.0001,0.0005,-0.0204,-0.0003,-0.0000,0.0502,0.0267,0.0003,0.0000,-0.0064,-0.0477,10.0000,90.0000,0.0000,0.0007,0.4800,10.0000,0.1518,99.5025
Vib 5,502.3556,-0.0432,0.3515,0.0244,0.0048,0.0402,-0.0750,0.1551,7.2061,1.0714,E,B,,-0.0001,-0.0003,0.0489,0.0298,0.0001,0.0000,-0.0010,-0.0237,0.0003,0.0000,-0.0457,-0.0051,8.0000,94.0000,0.0000,0.0007,0.4816,8.0000,0.1543,99.4882
Vib 6,697.9170,0.0000,0.0000,0.0325,-0.0004,0.0000,-0.0000,0.4276,7.0488,2.0229,A1,B,,0.0004,0.0001,-0.0710,-0.0710,0.0001,0.0004,-0.0710,-0.0710,0.0001,0.0004,-0.0710,-0.0710,38.0000,62.0000,0.0000,0.0015,0.3606,38.0000,0.4260,99.6340
Vib 7,891.7765,0.1112,0.0167,-0.0136,0.0078,0.0478,-0.1243,0.7147,4.6129,2.1614,E,S,,0.0000,-0.0000,-0.1987,0.1697,-0.0001,0.0001,-0.1768,0.0093,0.0001,-0.0001,0.0157,0.1440,89.0000,7.0000,0.0000,0.0005,0.0761,89.0000,0.7142,99.9275
Vib 8,891.7765,-0.0227,-0.0411,0.0153,0.1015,-0.0099,-0.0311,0.7480,4.6129,2.1614,E,S,,0.0001,-0.0001,-0.0563,-0.0854,0.0001,-0.0001,-0.0655,0.2149,0.0001,-0.0001,0.2207,-0.1046,42.0000,55.0000,0.0000,0.0006,0.0803,42.0000,0.7474,99.9238
Vib 9,927.7708,0.0000,0.0000,0.0000,0.0000,0.0539,-0.5000,0.8694,12.6233,6.4018,A2,S,,0.0000,0.0000,-0.1449,0.1449,-0.0000,0.0000,0.1449,-0.1449,0.0000,-0.0000,0.1449,-0.1449,86.0000,9.0000,0.0000,0.0000,0.0000,86.0000,0.8694,100.0017
Vib 10,945.4483,0.0000,0.0000,0.0678,0.1281,0.0000,0.0000,0.5674,5.0363,2.6524,A1,S,,-0.0002,0.0002,0.0944,0.0944,0.0002,-0.0002,0.0944,0.0944,0.0002,-0.0002,0.0944,0.0944,56.0000,45.0000,0.0000,0.0012,0.2053,56.0000,0.5662,99.7916
Vib 11,1048.0296,-0.1203,-0.0123,0.0666,-0.0842,-0.4226,0.0204,0.5959,3.2856,2.1262,E,S,,0.0000,0.0000,0.0664,-0.0825,0.0011,0.0014,-0.0374,-0.1745,-0.0013,-0.0016,0.1729,0.0568,54.0000,44.0000,0.0000,0.0054,0.9138,54.0000,0.5905,99.0855
Vib 12,1048.0296,0.0111,-0.1138,0.0862,0.3680,-0.0355,-0.0187,0.5892,3.2856,2.1262,E,S,,-0.0020,-0.0016,0.1389,0.1211,0.0005,0.0006,-0.1511,0.0119,0.0004,0.0004,0.0242,-0.1366,52.0000,49.0000,0.0000,0.0055,0.9290,52.0000,0.5838,99.0795
Vib 13,1148.3891,-0.0060,-0.0195,-0.0427,0.1108,-0.1111,0.0231,0.3766,2.0942,1.6272,E,B,,0.0001,-0.0002,-0.1071,0.0033,0.0004,-0.0003,0.1059,0.0666,-0.0001,0.0000,-0.0716,0.0210,19.0000,78.0000,0.0000,0.0011,0.2949,19.0000,0.3755,99.6949
Vib 14,1148.3891,0.0055,-0.0111,-0.0255,0.1258,0.0919,-0.0264,0.3713,2.0942,1.6272,E,B,,0.0002,-0.0003,-0.0075,-0.1146,-0.0000,0.0000,0.0268,-0.0574,0.0004,-0.0003,0.0499,0.1140,29.0000,71.0000,0.0000,0.0011,0.2994,29.0000,0.3702,99.6996
Vib 15,1229.7826,0.0000,0.0000,0.1535,-0.0316,-0.0000,0.0000,0.0616,1.9996,1.7818,A1,B,,0.0016,0.0020,-0.0085,-0.0085,0.0020,0.0016,-0.0085,-0.0085,0.0020,0.0016,-0.0085,-0.0085,1.0000,101.0000,0.0000,0.0109,17.6138,1.0000,0.0508,82.4265
Vib 16,1261.5206,0.0000,0.0000,0.0000,0.0000,-0.2315,-0.5000,0.0059,1.0247,0.9608,A2,B,,0.0000,0.0000,-0.0010,0.0010,0.0000,0.0000,0.0010,-0.0010,-0.0000,-0.0000,0.0010,-0.0010,0.0000,99.0000,0.0000,0.0000,0.0253,0.0000,0.0059,100.1872
Vib 17,1337.9478,-0.0374,0.1276,-0.0824,-0.0578,-0.1532,-0.0164,0.0927,1.1196,1.1809,E,B,,-0.0005,-0.0001,0.0105,0.0034,0.0002,0.0008,0.0128,-0.0288,0.0003,0.0011,-0.0283,0.0058,2.0000,99.0000,0.0000,0.0031,3.3573,2.0000,0.0896,96.6379
Vib 18,1337.9478,-0.1718,0.0051,-0.0603,-0.0377,-0.2274,0.0475,0.0927,1.1196,1.1809,E,B,,0.0003,0.0001,0.0192,-0.0260,-0.0003,-0.0008,0.0172,-0.0002,0.0003,0.0011,0.0025,-0.0246,0.0000,99.0000,0.0000,0.0030,3.2510,0.0000,0.0897,96.7164
Vib 19,1422.6466,-0.0000,0.0000,0.0000,0.0000,-0.1880,0.0000,0.0145,1.1237,1.3400,A2,B,,0.0000,0.0000,-0.0024,0.0024,0.0000,0.0000,0.0024,-0.0024,-0.0000,-0.0000,0.0024,-0.0024,3.0000,93.0000,0.0000,0.0000,0.0141,3.0000,0.0145,100.2996
Vib 20,1477.8991,0.1545,-0.0011,-0.0018,-0.0024,-0.1254,-0.0499,0.1073,1.1740,1.5108,E,B,,0.0001,0.0000,0.0322,-0.0319,0.0007,0.0031,0.0138,-0.0048,-0.0006,-0.0030,0.0042,-0.0130,2.0000,97.0000,0.0000,0.0075,7.0357,2.0000,0.0998,92.9885
Vib 21,1477.8991,0.0128,-0.1652,0.0315,-0.0732,0.0247,0.0134,0.1081,1.1740,1.5108,E,B,,0.0009,0.0003,0.0010,0.0013,-0.0006,-0.0030,0.0195,-0.0285,-0.0006,-0.0030,-0.0291,0.0203,4.0000,94.0000,0.0000,0.0084,7.7561,4.0000,0.0997,92.2336
Vib 22,1585.5877,0.0880,0.0260,-0.0318,-0.0321,-0.2522,0.0459,0.0638,1.0922,1.6178,E,B,,-0.0007,-0.0004,0.0042,-0.0023,-0.0044,-0.0062,0.0091,0.0018,0.0073,0.0102,-0.0065,-0.0105,0.0000,102.0000,0.0000,0.0292,45.8345,0.0000,0.0345,54.0959
Vib 23,1585.5877,0.0454,0.0573,-0.0224,0.1196,-0.0625,-0.0285,0.0633,1.0922,1.6178,E,B,,0.0107,0.0077,-0.0075,-0.0104,-0.0037,-0.0052,0.0009,0.0084,-0.0008,-0.0012,0.0049,-0.0020,1.0000,97.0000,0.0000,0.0292,46.2082,1.0000,0.0340,53.7285
Vib 24,1605.3013,0.0000,-0.0001,-0.0195,0.0697,0.0000,0.0000,0.0714,1.1255,1.7088,A1,B,,0.0018,0.0031,-0.0094,-0.0094,0.0031,0.0018,-0.0094,-0.0094,0.0031,0.0018,-0.0094,-0.0094,0.0000,99.0000,0.0000,0.0148,20.6785,0.0000,0.0566,79.3123
Vib 25,3002.0504,-0.0343,0.0290,0.0636,-0.1242,-0.2933,0.0077,0.9582,1.0680,5.6711,E,S,,-0.1101,-0.0025,0.0016,0.0013,-0.0046,-0.1985,0.0028,0.0025,0.0139,0.6042,-0.0080,-0.0081,99.0000,0.0000,99.0000,0.9339,97.4632,0.0000,0.0243,2.5382
Vib 26,3002.0504,0.0366,-0.0421,0.0469,0.3287,-0.0878,-0.0337,0.9582,1.0680,5.6711,E,S,,0.4985,0.0115,-0.0065,-0.0068,-0.0094,-0.4100,0.0053,0.0056,-0.0001,-0.0044,0.0001,0.0000,99.0000,0.0000,99.0000,0.9339,97.4619,0.0000,0.0243,2.5388
Vib 27,3014.7368,0.0000,0.0003,-0.2342,-0.0650,-0.0000,0.0000,0.9579,1.0704,5.7321,A1,S,,0.3039,0.0067,-0.0043,-0.0043,0.0067,0.3039,-0.0043,-0.0043,0.0067,0.3039,-0.0043,-0.0043,99.0000,0.0000,99.0000,0.9319,97.2813,0.0000,0.0260,2.7156
Vib 28,3216.8549,-0.0106,0.0421,0.0658,0.0566,0.0142,0.0127,0.9287,1.0947,6.6744,E,S,,-0.0195,0.5847,-0.0065,-0.0064,-0.1186,0.0040,0.0011,0.0015,-0.1766,0.0059,0.0022,0.0017,101.0000,0.0000,101.0000,0.9093,97.9077,0.0000,0.0194,2.0943
Vib 29,3216.8549,-0.0348,0.0027,0.0725,-0.0275,0.1482,-0.0154,0.9287,1.0947,6.6744,E,S,,0.0001,-0.0019,-0.0000,0.0000,0.4680,-0.0156,-0.0054,-0.0050,-0.4100,0.0137,0.0043,0.0047,101.0000,0.0000,101.0000,0.9093,97.9073,0.0000,0.0195,2.0956
Vib 30,3222.9141,0.0000,0.0006,-0.2264,-0.0063,0.0000,0.0000,0.9252,1.1007,6.7363,A1,S,,-0.0093,0.2918,-0.0037,-0.0037,0.2918,-0.0093,-0.0037,-0.0037,0.2918,-0.0093,-0.0037,-0.0037,99.0000,0.0000,99.0000,0.9032,97.6268,0.0000,0.0219,2.3694
