Mode,Freq,Tx,Ty,Tz,Rx,Ry,Rz,V_Stretch,Mu,K,Irrep,label,annotation,s_AB[C1-H2],s_AB[C1-Cl3],s_AB[C1-Cl4],s_AB[C1-Cl5],PED_Stretch_pct,PED_Bend_pct,PED_S_C-Cl_pct,BondScore_C-Cl,BondScore_C-Cl_pct,PED_S_C-H_pct,BondScore_C-H,BondScore_C-H_pct
Tx,0.0000,1.0000,0.0000,0.0000,0.0000,-0.3588,0.0000,0.0000,,,,Tx,,0.0000,0.0000,0.0000,0.0000,,,,,,,,
Ty,0.0000,0.0000,1.0000,0.0000,0.1809,0.0000,-0.0000,0.0000,,,,Ty,,0.0000,0.0000,0.0000,0.0000,,,,,,,,
Tz,0.0000,0.0000,0.0000,1.0000,0.0000,0.1988,0.0000,0.0000,,,,Tz,,0.0000,0.0000,0.0000,0.0000,,,,,,,,
Rx,0.0000,0.0000,0.1809,0.0000,1.0000,0.0000,-0.3175,0.0000,,,,Rx,,0.0000,0.0000,0.0000,0.0000,,,,,,,,
Ry,0.0000,-0.3588,0.0000,0.1988,0.0000,1.0000,0.0000,0.0000,,,,Ry,,0.0000,0.0000,0.0000,0.0000,,,,,,,,
Rz,0.0000,0.0000,-0.0000,0.0000,-0.1905,0.0000,1.0000,0.0000,,,,Rz,,0.0000,0.0000,0.0000,-0.0000,,,,,,,,
Vib 1,237.2937,0.3431,-0.1476,-0.0006,-0.2368,-0.3515,0.0392,0.0860,26.2271,0.8701,E,B,,0.0000,0.0337,-0.0099,-0.0425,9.0000,91.0000,9.0000,0.0860,100.0268,0.0000,0.0000,0.0000
Vib 2,237.2937,-0.1503,-0.3445,-0.0016,-0.5251,0.1511,-0.0141,0.0903,26.2271,0.8701,E,B,,-0.0000,-0.0317,0.0167,-0.0418,9.0000,91.0000,9.0000,0.0903,99.9744,0.0000,0.0000,0.0000
Vib 3,322.7749,-0.0000,0.0000,0.3156,0.0000,-0.0361,0.0000,0.3337,21.8108,1.3388,A1,B,,-0.0000,0.1112,0.1112,0.1112,42.0000,58.0000,42.0000,0.3337,99.9966,0.0000,0.0000,0.0000
Vib 4,588.1975,-0.0000,0.0000,-0.0320,0.0000,0.1155,0.0000,0.4454,7.9345,1.6174,A1,B,,0.0000,0.1485,0.1485,0.1485,59.0000,41.0000,59.0000,0.4454,99.9939,0.0000,0.0000,0.0067
Vib 5,699.2968,-0.0890,0.0566,0.0638,0.1344,-0.1913,0.1341,0.6761,9.5298,2.7457,E,S,,-0.0000,-0.3492,0.2694,0.0575,88.0000,12.0000,88.0000,0.6761,99.9968,0.0000,0.0000,0.0000
Vib 6,699.2968,-0.0619,0.0208,-0.0719,-0.3035,-0.0703,0.0517,0.7012,9.5298,2.7457,E,S,,0.0000,-0.1094,-0.2227,0.3692,89.0000,11.0000,89.0000,0.7012,100.0037,0.0000,0.0000,0.0000
Vib 7,1233.3922,-0.0388,0.0282,-0.1644,0.4390,0.1726,-0.0530,0.0601,1.0731,0.9618,E,B,,0.0000,0.0118,0.0192,-0.0291,2.0000,98.0000,2.0000,0.0601,100.0234,0.0000,0.0000,0.0000
Vib 8,1233.3922,0.0172,0.0534,0.1158,-0.0813,0.4869,-0.1883,0.0561,1.0731,0.9618,E,B,,0.0000,0.0276,-0.0239,-0.0046,2.0000,98.0000,2.0000,0.0561,100.0118,0.0000,0.0000,0.0000
Vib 9,3281.3261,0.0048,0.0000,-0.3817,0.0000,-0.1192,0.0000,0.8945,1.0888,6.9068,A1,S,,0.8453,-0.0164,-0.0164,-0.0164,100.0000,0.0000,0.0000,0.0492,5.4980,100.0000,0.8453,94.5022
