molecule,N,n_basis,gaussian_freq_cpu_s,classifier_cpu_s,classifier_cpu_s_stddev,n_iterations,mp2_321g,method_basis
Br2O,3,55,13.0,0.0022031250000000002,4.687499999999991e-05,1000,True,MP2/3-21G
CS2,3,35,3.4,0.009015625,0.00022152260748059077,1000,True,MP2/3-21G
CO2,3,27,2.2,0.0021875,0.00013975424859373684,1000,True,MP2/3-21G
H2S,3,17,2.5,0.008968750000000001,0.00034374999999999955,500,True,MP2/3-21G
H2O,3,13,2.4,0.008906250000000001,0.00034938562148434176,500,True,MP2/3-21G
HOCl,3,24,2.7,0.0098125,0.0011284668803292367,500,True,MP2/3-21G
CTe2,3,75,35.5,0.0094375,0.0010439558180306292,500,True,MP2/3-21G
SBr2,3,59,14.7,0.002171875,0.00010937499999999996,1000,True,MP2/3-21G
OCl2,3,35,3.4,0.00709375,0.0028299803996671073,500,True,MP2/3-21G
OF2,3,27,2.3,0.002171875,8.414320011147661e-05,1000,True,MP2/3-21G
H2Se,3,27,5.1,0.00878125,0.0005837981778834186,500,True,MP2/3-21G
CSe2,3,55,12.4,0.0095,0.0005077524002897474,500,True,MP2/3-21G
SeBr2,3,69,26.5,0.002109375,7.812500000000007e-05,1000,True,MP2/3-21G
SeCl2,3,49,9.8,0.002140625,7.160274523368506e-05,1000,True,MP2/3-21G
SF2,3,31,3.0,0.002125,0.00010364452469860634,1000,True,MP2/3-21G
SCl2,3,39,4.0,0.0022031250000000002,0.00010937499999999998,1000,True,MP2/3-21G
SeF2,3,41,7.5,0.0020625,9.375000000000008e-05,1000,True,MP2/3-21G
TeH2,3,37,6.8,0.002125,7.654655446197439e-05,1000,True,MP2/3-21G
BrH3,4,29,5.6,0.00290625,0.0001593443597997746,1000,True,MP2/3-21G
BrF3,4,50,11.0,0.002734375,0.00012597277731716476,1000,True,MP2/3-21G
ClH3,4,19,2.2,0.00625,0.004790534286486216,200,False,B3LYP/3-21G
F4,4,36,3.6,0.002953125,0.00024655834121967965,1000,False,B3LYP/3-21G
FCl3,4,48,6.3,0.00271875,7.654655446197417e-05,1000,True,MP2/3-21G
AlCl3,4,52,7.7,0.0026875000000000002,0.00011692679333668562,1000,True,MP2/3-21G
AsH3,4,29,5.4,0.002765625,7.160274523368487e-05,1000,True,MP2/3-21G
BBr3,4,81,57.8,0.002921875,0.00023228232417685165,1000,False,MP2/6-31G
FBr3,4,78,40.7,0.0026718749999999998,0.0001474059551883844,1000,True,MP2/3-21G
GaH3,4,29,5.4,0.0109375,0.0009882117688026187,200,True,MP2/3-21G
AsBr3,4,156,1310.2,0.0026875000000000002,6.249999999999988e-05,1000,False,MP2/6-311G
AsCl3,4,81,92.4,0.002734375,7.812499999999985e-05,1000,False,MP2/cc-pVDZ
AlF3,4,40,4.1,0.00265625,6.987712429686839e-05,1000,True,MP2/3-21G
AlBr3,4,82,51.4,0.0026875000000000002,6.249999999999988e-05,1000,True,MP2/3-21G
PH3,4,19,2.5,0.002703125,0.0001220351511860414,1000,True,MP2/3-21G
GaCl3,4,62,18.2,0.008734374999999999,0.004098071430944683,1000,True,MP2/3-21G
GaF3,4,50,10.6,0.01140625,0.0009375000000000002,200,True,MP2/3-21G
IH3,4,39,7.1,0.01125,0.0011158481919598207,200,True,MP2/3-21G
NCl3,4,104,154.5,0.011953125,0.0005002440810494417,200,False,MP2/aug-cc-pVDZ
NF3,4,36,3.2,0.0109375,0.00078125,200,True,MP2/3-21G
NBr3,4,81,58.1,0.01171875,0.0009243874661093152,200,False,MP2/6-31G
InH3,4,39,7.1,0.01171875,0.000605153647844909,200,True,MP2/3-21G
PF3,4,40,5.0,0.002734375,0.00010481568644530254,1000,False,MP2/6-31G
NH3,4,15,2.0,0.01209375,0.0006257807623281494,500,True,MP2/3-21G
PCl3,4,84,51.3,0.0028125,0.00020963137289060522,1000,False,MP2/6-311G
PBr3,4,138,632.9,0.00275,0.00014320549046736996,1000,False,MP2/6-311G
ClBr3,4,82,50.3,0.013593749999999998,0.0015309310892394864,200,True,MP2/3-21G
ClF3,4,40,4.2,0.013984374999999999,0.0012327917060983983,200,True,MP2/3-21G
AsF3,4,50,10.4,0.0026718749999999998,0.00012979099785809483,1000,True,MP2/3-21G
AlH3,4,19,2.4,0.002609375,0.00010004881620988827,1000,True,MP2/3-21G
BrCl3,4,81,96.0,0.002765625,0.00014062499999999994,1000,False,MP2/cc-pVDZ
SbH3,4,39,7.4,0.0026875,9.374999999999991e-05,1000,True,MP2/3-21G
BF3,4,36,3.1,0.0028125,0.00012103072956898172,1000,True,MP2/3-21G
BCl3,4,48,6.3,0.00309375,0.000136215591985646,1000,True,MP2/3-21G
BH3,4,15,1.9,0.00284375,9.375e-05,1000,True,MP2/3-21G
HCOOH,5,31,3.1,0.014218749999999999,0.0006810779599282298,200,True,MP2/3-21G
SH4,5,21,2.6,0.003328125,0.000140625,1000,True,MP2/3-21G
SeCl4,5,54,11.9,0.003296875,4.687500000000004e-05,1000,False,MP2/STO-3G
SBr4,5,126,632.3,0.003421875,4.687500000000004e-05,1000,False,MP2/cc-pVDZ
OBr4,5,122,521.0,0.015546874999999998,0.0018635719440432128,200,False,MP2/cc-pVDZ
OCl4,5,61,14.3,0.003390625,7.160274523368506e-05,1000,True,MP2/3-21G
SeH4,5,31,5.8,0.0032812500000000003,6.987712429686839e-05,1000,True,MP2/3-21G
SCl4,5,90,116.0,0.0034062500000000004,0.00016828640022295324,1000,False,MP2/cc-pVDZ
SF4,5,49,7.5,0.0033125000000000003,6.250000000000006e-05,1000,True,MP2/3-21G
CH4,5,17,2.2,0.0033437500000000004,0.00010364452469860624,1000,True,MP2/3-21G
CHCl3,5,50,7.2,0.003390625,0.00010004881620988835,1000,True,MP2/3-21G
XeH4,5,41,4.2,0.003359375,0.00012597277731716495,1000,False,B3LYP/3-21G
XeF2Cl2,5,95,210.7,0.0033125000000000003,9.375e-05,1000,False,MP2/3-21g*
SnH4,5,41,7.8,0.0032812500000000003,6.987712429686839e-05,1000,True,MP2/3-21G
TeH4,5,41,7.5,0.003296875,8.414320011147661e-05,1000,True,MP2/3-21G
SeF4,5,128,437.0,0.003296875,4.687500000000004e-05,1000,False,MP2/aug-cc-pVDZ
CH3CN,6,33,2.7,0.004,0.00023385358667337144,500,True,MP2/3-21G
SbH5,6,43,8.7,0.004015625,7.160274523368506e-05,1000,True,MP2/3-21G
XeOH4,6,36,2.5,0.004125,0.0001250000000000001,500,False,HF/STO-3G
PCl5,6,78,38.9,0.00415625,0.00014320549046737012,500,True,MP2/3-21G
C2H4,6,26,2.5,0.0040625,0.00013975424859373698,500,True,MP2/3-21G
TeH6,7,45,9.5,0.00471875,0.00021874999999999992,500,True,MP2/3-21G
C4H4,8,44,4.2,0.006562500000000001,0.0001976423537605236,500,True,MP2/3-21G
C3H6,9,39,3.7,0.00715625,0.00038145486299167805,500,True,MP2/3-21G
CH3COCH3,10,48,10.2,0.00784375,0.0004062500000000001,500,True,MP2/3-21G
C3O3H6,12,66,43.3,0.010390625,0.000500244081049441,200,True,MP2/3-21G
B3N3H6,12,66,22.1,0.010546875,0.000629863886585824,200,True,MP2/3-21G
C6H4F2,12,80,67.2,0.010624999999999999,0.00038273277230987105,200,True,MP2/3-21G
C6H6,12,66,21.8,0.010624999999999999,0.0005182226234930309,200,True,MP2/3-21G
C7H8,15,79,74.7,0.06640625,0.010853471866757659,100,True,MP2/3-21G
C10H8,18,106,266.7,0.02,0.0006250000000000006,100,True,MP2/3-21G
C10H16,26,122,462.6,0.0378125,0.0019515618744995,100,True,MP2/3-21G
