Mode,Eigenvalue,Tx,Ty,Tz,Rx,Ry,Rz,V_Stretch,Mu,K,Irrep,label,annotation,s_AB[O1-H2],s_AB[O1-H3],C2_Tx,C2_Ty,C2_Tz,C2_Rx,C2_Ry,C2_Rz,C2_VS,C2_VB,C2_VMix,Ocart_Tx,Ocart_Ty,Ocart_Tz,Ocart_Rx,Ocart_Ry,Ocart_Rz,Ocart_VS,Ocart_VB,Ocart_VMix,Ocart_Sum
EMIT 1,-0.8523,0.0000,0.0000,0.0000,0.0000,1.0000,0.0000,0.0000,,,,Ry,,0.0000,0.0000,0.0000,0.0000,0.0000,0.0000,1.0000,0.0000,0.0000,0.0000,0.0000,0.0000,0.0000,0.0000,0.0000,1.0000,0.0000,0.0000,0.0000,0.0000,1.0000
EMIT 2,-0.6724,0.1710,0.0000,0.0000,0.0000,0.0000,-0.9594,0.2884,,,,Rz*,vibration=SB,0.1442,-0.1442,0.0528,0.0000,0.0000,0.0000,0.0000,0.8732,0.0740,0.0000,0.0000,-0.1484,0.0000,0.0000,0.0000,0.0000,-0.9387,0.3875,0.0000,0.0000,-0.6996
EMIT 3,-0.4711,0.0000,-0.0468,0.0000,0.0000,0.0000,0.0000,0.2927,,,,SB,,0.1463,0.1463,0.0000,0.1344,0.0000,0.0000,0.0000,0.0000,0.1528,0.7128,0.0000,-0.0000,0.2598,0.0000,0.0000,0.0000,0.0000,0.5577,0.8488,0.0000,1.6662
EMIT 4,-0.3312,0.0000,0.0000,-0.3333,1.0000,0.0000,0.0000,0.0000,,,,Rx,,0.0000,0.0000,0.0000,0.0000,0.3322,0.6678,0.0000,0.0000,0.0000,0.0000,0.0000,0.0000,0.0000,-0.5763,0.9684,0.0000,0.0000,0.0000,0.0000,0.0000,0.3920
EMIT 5,-0.0401,-0.1992,0.0000,0.0000,0.0000,0.0000,-0.3009,0.9823,,,,S,,-0.4912,0.4912,0.2794,0.0000,0.0000,0.0000,0.0000,0.0132,0.7075,0.0000,0.0000,-0.4700,0.0000,0.0000,0.0000,0.0000,0.0331,-0.9789,0.0000,0.0000,-1.4158
EMIT 6,0.0000,0.0000,-0.0491,0.0000,0.0000,0.0000,0.0000,0.9876,,,,S,,0.4938,0.4938,0.0000,0.1978,0.0000,0.0000,0.0000,0.0000,0.7581,0.0442,0.0000,-0.0000,-0.3438,0.0000,0.0000,0.0000,0.0000,0.9835,-0.0541,0.0000,0.5857
EMIT 7,0.2106,1.0000,0.0000,0.0000,0.0000,0.0000,0.0414,0.7942,,,,Tx*,vibration=SB,0.3971,-0.3971,0.6679,0.0000,0.0000,0.0000,0.0000,0.1136,0.2185,0.0000,0.0000,0.9048,0.0000,0.0000,0.0000,0.0000,0.5440,0.7677,0.0000,0.0000,2.2165
EMIT 8,0.3812,0.0000,-1.0000,0.0000,0.0000,0.0000,0.0000,0.6077,,,,Ty*,vibration=SB,0.3038,0.3038,0.0000,0.6679,0.0000,0.0000,0.0000,0.0000,0.0890,0.2430,0.0000,0.0000,-0.9048,0.0000,0.0000,0.0000,0.0000,0.4796,-0.8131,0.0000,-1.2383
EMIT 9,0.5918,0.0000,0.0000,-1.0000,0.3333,0.0000,0.0000,0.0000,,,,Tz,,0.0000,0.0000,0.0000,0.0000,0.6679,0.3321,0.0000,0.0000,0.0000,0.0000,0.0000,0.0000,0.0000,-0.9048,0.9652,-0.0000,0.0000,0.0000,0.0000,0.0000,0.0604
