Mode,Freq,Tx,Ty,Tz,Rx,Ry,Rz,V_Stretch,Mu,K,Irrep,label,annotation,s_AB[Te1-H2],s_AB[Te1-H3],s_AB[Te1-H4],s_AB[Te1-H5],s_AB[Te1-H6],s_AB[Te1-H7]
Tx,0.0000,1.0000,0.0000,0.0000,0.0000,0.0000,0.0000,0.0000,,,,Tx,,0.0000,0.0000,0.0000,0.0000,0.0000,0.0000
Ty,0.0000,0.0000,1.0000,0.0000,0.0000,0.0000,0.0000,0.0000,,,,Ty,,0.0000,0.0000,0.0000,0.0000,0.0000,0.0000
Tz,0.0000,0.0000,0.0000,1.0000,0.0000,0.0000,0.0000,0.0000,,,,Tz,,0.0000,0.0000,0.0000,0.0000,0.0000,0.0000
Rx,0.0000,0.0000,0.0000,0.0000,1.0000,0.0000,0.0000,0.0000,,,,Rx,,0.0000,0.0000,0.0000,0.0000,0.0000,0.0000
Ry,0.0000,0.0000,0.0000,0.0000,0.0000,1.0000,0.0000,0.0000,,,,Ry,,0.0000,0.0000,0.0000,0.0000,0.0000,0.0000
Rz,0.0000,0.0000,0.0000,0.0000,0.0000,0.0000,1.0000,0.0000,,,,Rz,,0.0000,0.0000,0.0000,0.0000,0.0000,0.0000
Vib 1,880.0325,0.0000,0.0837,0.0837,0.0000,0.0000,0.0000,0.0000,1.0078,0.4599,T2U,B,,0.0000,0.0000,0.0000,0.0000,0.0000,0.0000
Vib 2,880.0325,0.0000,0.0000,0.0000,0.0000,0.0000,0.0000,0.0000,1.0078,0.4599,T2U,B,,0.0000,0.0000,0.0000,0.0000,0.0000,0.0000
Vib 3,880.0325,0.0000,0.0837,-0.0837,0.0000,0.0000,0.0000,0.0000,1.0078,0.4599,T2U,B,,0.0000,0.0000,0.0000,0.0000,0.0000,0.0000
Vib 4,975.7808,0.0004,0.4212,0.3930,0.0000,0.0000,0.0000,0.0509,1.0411,0.5841,T1U,B,,0.0127,0.0127,-0.0000,-0.0127,-0.0127,0.0000
Vib 5,975.7808,0.0000,-0.3930,0.4212,0.0000,0.0000,0.0000,0.0509,1.0411,0.5841,T1U,B,,0.0127,-0.0127,0.0000,-0.0127,0.0127,0.0000
Vib 6,975.7808,0.7143,-0.0015,-0.0015,0.0000,0.0000,-0.0000,0.0054,1.0411,0.5841,T1U,B,,-0.0000,-0.0000,-0.0027,0.0000,0.0000,0.0027
Vib 7,1088.2223,0.0000,0.0000,0.0000,0.0000,0.1464,0.1464,0.0000,1.0078,0.7032,T2G,B,,0.0000,0.0000,0.0000,0.0000,0.0000,0.0000
Vib 8,1088.2223,0.0000,0.0000,0.0000,0.0000,0.0000,0.0000,0.0000,1.0078,0.7032,T2G,B,,0.0000,0.0000,0.0000,0.0000,0.0000,0.0000
Vib 9,1088.2223,0.0000,0.0000,0.0000,0.0000,0.1464,-0.1464,0.0000,1.0078,0.7032,T2G,B,,0.0000,0.0000,0.0000,0.0000,0.0000,0.0000
Vib 10,1674.4523,0.0000,0.0000,0.0000,0.0000,0.0000,0.0000,1.0000,1.0078,1.6649,EG,S,,-0.2510,0.2490,0.0000,-0.2510,0.2490,0.0000
Vib 11,1674.4523,0.0000,0.0000,0.0000,0.0000,0.0000,0.0000,1.0000,1.0078,1.6649,EG,S,,-0.0824,-0.0843,0.3333,-0.0824,-0.0843,0.3333
Vib 12,1694.7845,0.0028,-0.0394,-0.0254,0.0000,0.0000,0.0000,0.9979,1.0202,1.7265,T1U,S,,0.2388,0.2601,-0.0000,-0.2388,-0.2601,0.0000
Vib 13,1694.7845,0.0001,0.0254,-0.0395,0.0000,0.0000,0.0000,0.9979,1.0202,1.7265,T1U,S,,0.2601,-0.2388,-0.0000,-0.2601,0.2388,0.0000
Vib 14,1694.7845,-0.4286,-0.0020,-0.0020,0.0000,0.0000,-0.0000,0.9972,1.0202,1.7265,T1U,S,,-0.0000,-0.0000,-0.4986,0.0000,0.0000,0.4986
Vib 15,1894.9914,0.0000,0.0000,0.0000,0.0000,0.0000,0.0000,1.0000,1.0078,2.1323,A1G,S,,0.1667,0.1667,0.1667,0.1667,0.1667,0.1667
