mode,freq_cm-1,degenerate,CH_stretch_pct,CC_stretch_pct,CCC_bend_pct,CCH_bend_pct,out_of_plane_pct,dominant_character
1,412.0,True,0.0,0.0,0.0,0.0,100.0,100% out-of-plane
2,645.9,True,-0.0,7.1,60.7,32.2,0.0,61% CCC bend + 32% CCH bend + 7% CC stretch
3,678.2,False,0.0,0.0,0.0,0.0,100.0,100% out-of-plane
4,684.2,False,0.0,0.0,0.0,0.0,100.0,100% out-of-plane
5,852.2,True,0.0,0.0,0.0,0.0,100.0,100% out-of-plane
6,931.2,True,0.0,0.0,0.0,0.0,100.0,100% out-of-plane
7,933.5,False,0.0,0.0,0.0,0.0,100.0,100% out-of-plane
8,992.6,False,0.8,99.2,0.0,0.0,0.0,99% CC stretch
9,1056.4,True,0.2,43.7,22.1,33.9,0.0,44% CC stretch + 34% CCH bend + 22% CCC bend
10,1067.5,False,0.1,0.0,66.6,33.3,0.0,67% CCC bend + 33% CCH bend
11,1237.3,False,0.0,35.6,0.0,64.4,0.0,64% CCH bend + 36% CC stretch
12,1247.1,True,0.0,33.2,-0.7,67.6,0.0,68% CCH bend + 33% CC stretch
13,1319.3,False,-0.0,64.5,0.0,35.5,0.0,64% CC stretch + 36% CCH bend
14,1435.5,False,0.0,0.0,0.0,100.0,0.0,100% CCH bend
15,1532.8,True,0.3,12.9,6.5,80.3,0.0,80% CCH bend + 13% CC stretch + 7% CCC bend
16,1598.9,True,0.2,59.7,6.7,33.4,0.0,60% CC stretch + 33% CCH bend + 7% CCC bend
17,3182.3,False,99.9,0.0,0.1,0.0,0.0,100% CH stretch
18,3191.9,True,99.8,0.1,0.0,0.1,0.0,100% CH stretch
19,3209.6,True,99.5,0.3,0.1,0.1,0.0,99% CH stretch
20,3223.2,False,99.2,0.8,0.0,0.0,0.0,99% CH stretch
