freq_gaussian_cm-1,degeneracy,ours_CHstr_pct,ours_CCstr_pct,ours_CCCbend_pct,ours_CCHbend_pct,ours_OOP_pct,freq_veda4_cm-1,veda4_CHstr_pct,veda4_CCstr_pct,veda4_CCCbend_pct,veda4_CCHbend_pct,veda4_OOP_pct
412.0,2,0.0,0.0,0.0,0.0,100.0,412.12,0.0,0.0,0.0,0.0,100.5
645.9,2,-0.0,7.1,60.7,32.2,0.0,646.16,0.0,9.5,86.5,3.0,0.0
678.2,1,0.0,0.0,0.0,0.0,100.0,678.46,0.0,0.0,0.0,0.0,101.0
684.2,1,0.0,0.0,0.0,0.0,100.0,684.48,0.0,0.0,0.0,0.0,100.0
852.2,2,0.0,0.0,0.0,0.0,100.0,852.71,0.0,0.0,0.0,0.0,98.0
931.2,2,0.0,0.0,0.0,0.0,100.0,931.40,0.0,0.0,0.0,0.0,99.0
933.5,1,0.0,0.0,0.0,0.0,100.0,933.60,0.0,0.0,0.0,0.0,103.0
992.6,1,0.8,99.2,0.0,0.0,0.0,993.00,0.0,107.0,0.0,0.0,0.0
1056.4,2,0.2,43.7,22.1,33.9,0.0,1056.72,0.0,33.5,44.0,22.5,0.0
1067.5,1,0.1,0.0,66.6,33.3,0.0,1067.92,0.0,0.0,94.0,0.0,0.0
1237.3,1,0.0,35.6,0.0,64.4,0.0,1237.48,0.0,35.0,0.0,65.0,0.0
1247.1,2,0.0,33.2,-0.7,67.6,0.0,1247.30,0.0,34.5,2.0,63.5,0.0
1319.3,1,-0.0,64.5,0.0,35.5,0.0,1319.75,0.0,65.0,0.0,35.0,0.0
1435.5,1,0.0,0.0,0.0,100.0,0.0,1436.29,0.0,0.0,0.0,98.0,0.0
1532.8,2,0.3,12.9,6.5,80.3,0.0,1533.41,0.0,4.0,16.0,79.5,0.0
1598.9,2,0.2,59.7,6.7,33.4,0.0,1599.51,0.0,60.0,8.5,31.5,0.0
3182.3,1,99.9,0.0,0.1,0.0,0.0,3182.59,100.0,0.0,0.0,0.0,0.0
3191.9,2,99.8,0.1,0.0,0.1,0.0,3192.19,100.0,0.0,0.0,0.0,0.0
3209.6,2,99.5,0.3,0.1,0.1,0.0,3210.46,99.0,0.0,0.0,0.0,0.0
3223.2,1,99.2,0.8,0.0,0.0,0.0,3223.49,99.0,1.0,0.0,0.0,0.0
