Mode,Eigenvalue,C2_Tx,C2_Ty,C2_Tz,C2_Rx,C2_Ry,C2_Rz,C2_VS,C2_VB,C2_VMix
EMIT 1,-23.751411,0.000000,0.000000,0.000000,0.000000,0.140862,0.193347,0.000065,0.338900,0.327035
EMIT 2,-23.751411,0.000000,0.000000,0.000000,0.000000,0.386695,0.070431,0.000024,0.423917,0.119129
EMIT 3,-23.751407,0.000000,0.000000,0.000000,0.000000,0.000000,0.000000,0.000000,1.000322,0.000000
EMIT 4,-23.751404,0.000000,0.000000,0.000000,0.000000,0.000000,0.000000,0.000000,0.233222,0.767055
EMIT 5,-23.751401,0.000000,0.000000,0.000000,0.010677,0.041938,0.073116,0.000017,0.787765,0.086761
EMIT 6,-23.751401,0.000000,0.000000,0.000000,0.330627,0.002262,0.105678,0.000057,0.279666,0.281945
EMIT 7,-23.751401,0.000000,0.000000,0.000000,0.001341,0.027567,0.227481,0.000063,0.428244,0.315547
EMIT 8,-23.751401,0.000000,0.000000,0.000000,0.381902,0.050950,0.094783,0.000022,0.364009,0.108561
EMIT 9,-23.751401,0.000000,0.000000,0.000000,0.066788,0.141061,0.026499,0.000020,0.666336,0.099503
EMIT 10,-18.488392,0.000140,0.088279,0.000000,0.000000,0.000000,0.000000,0.020584,0.782173,0.109079
EMIT 11,-18.488389,0.088279,0.000140,0.000000,0.000000,0.000000,0.000000,0.020583,0.782159,0.109070
EMIT 12,-15.009611,0.000000,0.000000,0.232902,0.000000,0.000000,0.000000,0.000000,0.767294,0.000000
EMIT 13,-6.267818,0.000000,0.000000,0.000000,0.000000,0.139107,0.000002,0.000000,0.860690,0.000002
EMIT 14,-6.267818,0.000000,0.000000,0.000000,0.000000,0.000003,0.069553,0.000020,0.822875,0.107307
EMIT 15,-6.267818,0.000000,0.000000,0.000000,0.000000,0.000000,0.000000,0.000000,0.999673,0.000000
EMIT 16,-6.267818,0.000000,0.000000,0.000000,0.000000,0.000000,0.000000,0.000000,0.766778,0.232945
EMIT 17,-6.267818,0.000000,0.000000,0.000000,0.030126,0.004787,0.014243,0.000019,0.850811,0.099779
EMIT 18,-6.267818,0.000000,0.000000,0.000000,0.127334,0.016435,0.000078,0.000000,0.855021,0.000899
EMIT 19,-6.267818,0.000000,0.000000,0.000000,0.000242,0.000056,0.117788,0.000013,0.811982,0.069679
EMIT 20,-6.267818,0.000000,0.000000,0.000000,0.045156,0.007561,0.006847,0.000008,0.896962,0.043214
EMIT 21,-6.267818,0.000000,0.000000,0.000000,0.005807,0.040716,0.000154,0.000000,0.952067,0.001048
EMIT 22,-4.026026,0.000045,0.027973,0.000000,0.000000,0.000000,0.000000,0.086630,0.103247,0.781861
EMIT 23,-4.026025,0.027973,0.000045,0.000000,0.000000,0.000000,0.000000,0.086632,0.103260,0.781866
EMIT 24,-0.000000,0.003829,0.027245,0.000000,0.000000,0.000000,0.000000,0.679003,0.262465,0.027551
EMIT 25,-0.000000,0.001660,0.017161,0.000000,0.000000,0.000000,0.000000,0.859641,0.090408,0.031157
EMIT 26,-0.000000,0.025917,0.000279,0.000000,0.000000,0.000000,0.000000,0.872230,0.074938,0.026773
EMIT 27,-0.000000,0.013305,0.002346,0.000000,0.000000,0.000000,0.000000,0.331955,0.558507,0.094029
EMIT 28,-0.000000,0.023675,0.000011,0.000000,0.000000,0.000000,0.000000,0.413397,0.485399,0.077661
EMIT 29,0.000000,0.003594,0.023509,0.000000,0.000000,0.000000,0.000000,0.756326,0.170904,0.045636
EMIT 30,0.000000,0.010889,0.008383,0.000000,0.000000,0.000000,0.000000,0.826185,0.118769,0.035679
EMIT 31,0.000000,0.005247,0.031766,0.000000,0.000000,0.000000,0.000000,0.579617,0.356497,0.026795
EMIT 32,0.000000,0.000011,0.002314,0.000000,0.000000,0.000000,0.000000,0.323800,0.561654,0.112177
EMIT 33,0.000000,0.028323,0.003447,0.000000,0.000000,0.000000,0.000000,0.915882,0.027956,0.024529
EMIT 34,7.504864,0.767426,0.000000,0.000000,0.000000,0.000000,0.000000,0.112951,0.091324,0.028083
EMIT 35,7.504867,0.000000,0.767426,0.000000,0.000000,0.000000,0.000000,0.112954,0.091321,0.028093
EMIT 36,15.009731,0.000000,0.000000,0.767426,0.000000,0.000000,0.000000,0.000000,0.232378,0.000000
