Mode,classifier_label,M_ext,ground_truth,predicted_positive,ground_truth_positive,cell
EMIT 1,SB,0.193347,MIXED,False,True,FN
EMIT 2,SB,0.386695,MIXED,False,True,FN
EMIT 3,B,0.000000,CLEAN,False,False,TN
EMIT 4,SB,0.000000,CLEAN,False,False,TN
EMIT 5,SB,0.073116,MIXED,False,True,FN
EMIT 6,Rx*,0.330627,MIXED,True,True,TP
EMIT 7,SB,0.227481,MIXED,False,True,FN
EMIT 8,SB,0.381902,MIXED,False,True,FN
EMIT 9,Ry*,0.141061,MIXED,True,True,TP
EMIT 10,SB,0.088279,MIXED,False,True,FN
EMIT 11,SB,0.088279,MIXED,False,True,FN
EMIT 12,B,0.232902,MIXED,False,True,FN
EMIT 13,B,0.139107,MIXED,False,True,FN
EMIT 14,B,0.069553,MIXED,False,True,FN
EMIT 15,B,0.000000,CLEAN,False,False,TN
EMIT 16,B,0.000000,CLEAN,False,False,TN
EMIT 17,B,0.030126,CLEAN,False,False,TN
EMIT 18,B,0.127334,MIXED,False,True,FN
EMIT 19,Rz*,0.117788,MIXED,True,True,TP
EMIT 20,B,0.045156,CLEAN,False,False,TN
EMIT 21,B,0.040716,CLEAN,False,False,TN
EMIT 22,SB,0.027973,CLEAN,False,False,TN
EMIT 23,SB,0.027973,CLEAN,False,False,TN
EMIT 24,S,0.027245,CLEAN,False,False,TN
EMIT 25,S,0.017161,CLEAN,False,False,TN
EMIT 26,S,0.025917,CLEAN,False,False,TN
EMIT 27,SB,0.013305,CLEAN,False,False,TN
EMIT 28,SB,0.023675,CLEAN,False,False,TN
EMIT 29,S,0.023509,CLEAN,False,False,TN
EMIT 30,S,0.010889,CLEAN,False,False,TN
EMIT 31,S,0.031766,CLEAN,False,False,TN
EMIT 32,SB,0.002314,CLEAN,False,False,TN
EMIT 33,S,0.028323,CLEAN,False,False,TN
EMIT 34,Tx*,0.767426,MIXED,True,True,TP
EMIT 35,Ty*,0.767426,MIXED,True,True,TP
EMIT 36,Tz,0.767426,MIXED,False,True,FN
