mol_type,shape,point_group,molecule,MP2_3-21G,current_method,note
ideal,bend,C2v,TeH2,TRUE,,
ideal,T-shape,C2v,IH3,TRUE,,
ideal,trigonal pyramidal,C3v,SbH3,TRUE,,
ideal,trigonal planar,D3h,InH3,TRUE,,
ideal,see-saw,C2v,TeH4,TRUE,,
ideal,square planar,D4h,XeH4,FALSE,B3LYP/3-21G,convergence issue
ideal,tetrahedral,Td,SnH4,TRUE,,
ideal,trigonal bipyramidal,D3h,SbH5,TRUE,,
ideal,square pyramidal,C4v,XeOH4,FALSE,HF/STO-3G,convergence issue
ideal,octahedral,Oh,TeH6,TRUE,,
non-ideal,linear,Dinfh,CO2,TRUE,,
non-ideal,bend,C2v,OF2,TRUE,,
non-ideal,bend,C2v,OCl2,TRUE,,
non-ideal,bend,C2v,Br2O,TRUE,,
non-ideal,bend,C2v,H2S,TRUE,,
non-ideal,bend,C2v,SF2,TRUE,,
non-ideal,bend,C2v,SCl2,TRUE,,
non-ideal,bend,C2v,SBr2,TRUE,,
non-ideal,bend,C2v,H2Se,TRUE,,
non-ideal,bend,C2v,SeF2,TRUE,,
non-ideal,bend,C2v,SeCl2,TRUE,,
non-ideal,bend,C2v,SeBr2,TRUE,,
non-ideal,linear,Dinfh,CS2,TRUE,,
non-ideal,linear,Dinfh,CSe2,TRUE,,
non-ideal,linear,Dinfh,CTe2,TRUE,,
non-ideal,T-shape,C2v,F4,FALSE,B3LYP/3-21G,convergence issue
non-ideal,T-shape,C2v,FCl3,TRUE,,
non-ideal,T-shape,C2v,FBr3,TRUE,,
non-ideal,T-shape,C2v,ClH3,FALSE,B3LYP/3-21G,convergence issue
non-ideal,T-shape,C2v,ClF3,TRUE,,
non-ideal,T-shape,C2v,ClBr3,TRUE,,
non-ideal,T-shape,C2v,BrH3,TRUE,,
non-ideal,T-shape,C2v,BrF3,TRUE,,
non-ideal,T-shape,C2v,BrCl3,FALSE,MP2/cc-pVDZ,logic error with 3-21G
non-ideal,trigonal pyramidal,C3v,NH3,TRUE,,
non-ideal,trigonal pyramidal,C3v,NF3,TRUE,,
non-ideal,trigonal pyramidal,C3v,NCl3,FALSE,MP2/aug-cc-pVDZ,
non-ideal,trigonal pyramidal,C3v,NBr3,FALSE,MP2/6-31G,logic error with 3-21G
non-ideal,trigonal pyramidal,C3v,PH3,TRUE,,
non-ideal,trigonal pyramidal,C3v,PF3,FALSE,MP2/6-31G,logic error with 3-21G
non-ideal,trigonal pyramidal,C3v,PCl3,FALSE,MP2/6-311G,logic error with 3-21G
non-ideal,trigonal pyramidal,C3v,PBr3,FALSE,MP2/6-311G,logic error with 3-21G
non-ideal,trigonal pyramidal,C3v,AsH3,TRUE,,
non-ideal,trigonal pyramidal,C3v,AsF3,TRUE,,
non-ideal,trigonal pyramidal,C3v,AsCl3,FALSE,MP2/cc-pVDZ,logic error with 3-21G
non-ideal,trigonal pyramidal,C3v,AsBr3,FALSE,MP2/6-311G,logic error with 3-21G
non-ideal,trigonal planar,D3h,BH3,TRUE,,
non-ideal,trigonal planar,D3h,BF3,TRUE,,
non-ideal,trigonal planar,D3h,BCl3,TRUE,,
non-ideal,trigonal planar,D3h,BBr3,FALSE,MP2/6-31G,logic error with 3-21G
non-ideal,trigonal planar,D3h,AlH3,TRUE,,
non-ideal,trigonal planar,D3h,AlF3,TRUE,,
non-ideal,trigonal planar,D3h,AlCl3,TRUE,,some mode irreps are error
non-ideal,trigonal planar,D3h,AlBr3,TRUE,,
non-ideal,trigonal planar,D3h,GaH3,TRUE,,
non-ideal,trigonal planar,D3h,GaF3,TRUE,,
non-ideal,trigonal planar,D3h,GaCl3,TRUE,,some mode irreps are error
non-ideal,see-saw,C2v,OCl4,TRUE,,
non-ideal,see-saw,C2v,OBr4,FALSE,MP2/cc-pVDZ,symmetry broken with 3-21G
non-ideal,see-saw,C2v,SH4,TRUE,,
non-ideal,see-saw,C2v,SF4,TRUE,,
non-ideal,see-saw,C2v,SCl4,FALSE,MP2/cc-pVDZ,logic error with 3-21G
non-ideal,see-saw,C2v,SBr4,FALSE,MP2/cc-pVDZ,logic error with 3-21G
non-ideal,see-saw,C2v,SeH4,TRUE,,
non-ideal,see-saw,C2v,SeF4,FALSE,MP2/aug-cc-pVDZ,
non-ideal,see-saw,C2v,SeCl4,FALSE,MP2/STO-3G,unstable in gas phase (becomes Td with 3-21G)
multi-centre,hexagonal,D6h,C6H6,TRUE,,
test,tetrahedral,Td,CH4,TRUE,,
test,tetrahedral,Td,C4H4,TRUE,,
test,tetrahedral,Td,C10H16,TRUE,,
test,trigonal bipyramidal,D3h,PCl5,TRUE,,
test,trigonal planar,D3h,C3H6,TRUE,,
test,trigonal planar,D3h,B3N3H6,TRUE,,
test,trigonal pyramidal,C3v,CHCl3,TRUE,,
test,trigonal pyramidal,C3v,CH3CN,TRUE,,
test,trigonal pyramidal,C3v,C3O3H6,TRUE,,
test,bend,C2v,H2O,TRUE,,
test,bend,C2v,CH3COCH3,TRUE,,
test,bend,C2v,C6H4F2,TRUE,,
test,D2h,D2h,XeF2Cl2,FALSE,MP2/3-21g*,convergence issue
test,D2h,D2h,C2H4,TRUE,,
test,D2h,D2h,C10H8,TRUE,,
test,Cs,Cs,HOCl,TRUE,,
test,Cs,Cs,HCOOH,TRUE,,
test,Cs,Cs,C7H8,TRUE,,
