code,doi,1st author,journal,year,note
,,,,,
Tsa1971,https://doi.org/10.1063/1.1674821,Tsao P.,JCP,1971,can't identify ν₈ vs ν₉
Nis2002,http://dx.doi.org/10.1088/0953-4075/35/13/303,Nishimura T.,JPB,2002,refer to Shi1972
Har2011,http://dx.doi.org/10.1088/0004-637X/735/2/111,Hargreaves R.,APJ,2011,refer to Herzberg
Pit2015,https://doi.org/10.1007/s10812-015-0062-7,Pitsevich G.A.,JAS,2015,"use bend, asym instead of def., deg. For BF3"
Raf2013,https://doi.org/10.1080/0026897031000068497,Raffael D.K.,MP,2013,can't identify ν₃ vs ν₄ and ν₁ vs ν₂
Car1963,https://doi.org/10.1016/0371-1951(63)80239-8,Carlson L.G.,SA,1963,
Mӧb2022,https://doi.org/10.1002/chem.202202466,Mӧbs M.,CEJ,2022,
Boc2021,https://doi.org/10.1021/acs.jpca.1c02595,Boccalini M.,JPC,2021,"- Pic ν3-ν4 swap?
- refer to Herzberg"
Sch1974,https://doi.org/10.1016/S0022-1139(00)82647-0,Schmeisser M.,JFC,1974,
Shi1972,"Tables of Molecular Vibrational Frequencies, Consolidated Volume I - Content Details - (govinfo.gov)",Shimanouchi T.,NSRDS,1972,
Shi1977,https://doi.org/10.1063/1.555560,Shimanouchi T.,JPCRD,1977,
