Mode,Eigenvalue,Tx,Ty,Tz,Rx,Ry,Rz,Vib 1,Vib 2,Vib 3,Vib 4,Vib 5,Vib 6,Vib 7,Vib 8,Vib 9,Vib 10,Vib 11,Vib 12,Vib 13,Vib 14,Vib 15,Vib 16,Vib 17,Vib 18,Vib 19,Vib 20,Vib 21,Vib 22,Vib 23,Vib 24,Vib 25,Vib 26,Vib 27,Vib 28,Vib 29,Vib 30
EMIT 1,-23.751411,0.000000,-0.000000,0.000000,0.000000,-0.207302,-0.242873,0.000000,-0.000000,-0.120740,0.152921,0.229963,0.000000,-0.061399,0.009463,0.000000,0.000000,-0.020659,0.000000,0.000000,0.000000,0.000000,-0.000000,-0.027182,-0.090396,0.000000,0.072780,-0.000000,0.000000,-0.104951,-0.316823,0.000000,0.001961,0.001441,0.000000,-0.000000,0.000000
EMIT 2,-23.751411,0.000000,-0.000000,-0.000000,0.000000,0.343474,-0.146584,0.000000,-0.000000,-0.072872,0.092295,-0.381021,0.000000,0.101730,-0.015680,0.000000,-0.000000,0.034229,0.000000,-0.000000,-0.000000,0.000000,0.000000,-0.016406,-0.054558,-0.000000,0.043926,-0.000000,0.000000,-0.063343,-0.191217,0.000000,0.001184,0.000870,0.000000,0.000000,0.000000
EMIT 3,-23.751407,0.000000,0.000000,-0.000006,0.000000,0.000000,0.000000,0.420625,-0.050195,0.000000,0.000000,0.000000,0.000001,0.000000,0.000000,0.152578,0.089252,-0.000000,0.000000,0.000000,0.000000,0.000000,0.000000,0.000000,0.000000,0.000000,0.000000,0.000000,0.000000,0.000000,0.000000,0.000000,0.000000,0.000000,0.000000,0.000000,0.000000
EMIT 4,-23.751404,-0.000000,0.000006,0.000000,0.000000,0.000000,0.000000,0.000000,0.000000,0.000000,0.000000,0.000000,0.000000,0.000000,0.000000,0.000000,0.000000,0.000000,-0.000000,0.000003,-0.000002,-0.000000,0.157765,0.000000,0.000000,0.465304,-0.000000,-0.000005,-0.000001,0.000000,0.000000,-0.000000,-0.000000,-0.000000,-0.000003,-0.000003,-0.000000
EMIT 5,-23.751401,0.000000,-0.000000,-0.000000,-0.057075,0.113111,-0.149354,0.039054,0.327298,0.100316,0.002873,0.250952,-0.000000,0.036108,0.011741,0.069448,-0.118734,-0.022544,0.000001,0.000000,-0.000000,0.000000,0.000000,-0.028998,0.039025,-0.000000,0.044760,0.000000,-0.000000,-0.098652,0.140780,-0.000000,-0.000007,-0.001258,0.000000,0.000000,-0.000002
EMIT 6,-23.751401,-0.000000,0.000000,0.000000,-0.317598,0.026269,-0.179557,-0.006878,-0.057642,-0.085618,-0.159360,0.058281,0.000000,0.022285,0.092868,-0.012231,0.020911,-0.005236,-0.000000,0.000000,-0.000000,-0.000000,0.000000,0.087038,0.010269,-0.000000,0.053811,-0.000000,-0.000000,0.308646,0.027716,0.000000,-0.001956,0.001138,-0.000000,0.000000,0.000003
EMIT 7,-23.751401,0.000000,-0.000000,-0.000000,-0.020224,-0.091705,-0.263443,-0.018429,-0.154448,0.190716,0.015942,-0.203460,0.000000,-0.026238,0.010176,-0.032772,0.056029,0.018278,-0.000005,0.000000,0.000000,0.000000,-0.000000,-0.059292,0.071284,-0.000000,0.078951,0.000000,-0.000000,-0.202552,0.257776,-0.000000,0.000118,-0.002397,-0.000000,-0.000000,-0.000003
EMIT 8,-23.751401,0.000000,-0.000000,0.000000,0.341339,0.124674,-0.170050,-0.010316,-0.086459,-0.027706,-0.108779,0.276607,-0.000000,0.021337,-0.106791,-0.018346,0.031365,-0.024849,-0.000000,0.000000,0.000000,-0.000000,0.000000,0.050877,0.019211,-0.000000,0.050962,-0.000000,0.000000,0.181714,0.062884,-0.000000,-0.001348,0.000392,-0.000000,0.000000,0.000002
EMIT 9,-23.751401,0.000000,-0.000000,-0.000003,0.142743,-0.207450,-0.089912,0.022371,0.187477,-0.057109,-0.091040,-0.460255,0.000000,-0.067962,-0.032808,0.039781,-0.068011,0.041347,-0.000000,-0.000000,-0.000000,0.000000,-0.000000,0.052000,0.002612,0.000000,0.026946,-0.000000,-0.000000,0.184050,0.004106,-0.000000,-0.001114,0.000753,0.000000,0.000000,0.000002
EMIT 10,-18.488392,-0.016911,-0.424621,0.000000,0.000000,0.000000,-0.000000,0.000000,0.000000,0.000000,0.000000,0.000000,0.000000,0.000000,0.000000,0.000000,0.000000,0.000000,0.000000,-0.000089,-0.419866,0.000001,0.000002,0.000000,0.000000,0.000000,0.000000,0.000101,-0.886822,0.000000,-0.000000,-0.000004,-0.000000,0.000000,-0.452679,-0.003329,-0.000000
EMIT 11,-18.488389,-0.424617,0.016916,0.000000,0.000000,0.000000,-0.000000,0.000000,0.000000,0.000000,0.000000,0.000000,0.000000,0.000000,0.000000,0.000000,0.000000,0.000000,0.000000,0.419878,-0.000072,0.000004,0.000004,-0.000000,0.000000,-0.000006,-0.000000,-0.886821,-0.000079,-0.000000,0.000000,-0.000004,0.000000,-0.000000,0.003327,-0.452670,-0.000000
EMIT 12,-15.009611,0.000000,0.000000,0.482328,0.000000,0.000000,0.000000,0.000000,0.000000,0.000000,0.000000,0.000000,0.980404,-0.000000,-0.000000,-0.000000,0.000000,0.000000,0.000000,0.000000,0.000000,0.000000,0.000000,0.000000,0.000000,0.000000,0.000000,0.000000,0.000000,0.000000,0.000000,0.000000,0.000000,0.000000,0.000000,0.000000,0.000000
EMIT 13,-6.267818,0.000000,0.000000,0.000000,0.000000,0.711131,-0.002368,-0.000000,-0.000000,0.000860,-0.001089,-0.367791,-0.000000,-0.798160,0.123034,0.000000,0.000000,-0.575958,0.000000,0.000000,0.000000,0.000000,-0.000000,-0.001097,-0.003648,-0.000000,-0.002689,0.000000,-0.000000,0.000977,0.002950,0.000000,-0.000018,-0.000013,-0.000000,0.000000,0.000000
EMIT 14,-6.267818,0.000000,-0.000000,0.000000,0.000000,0.003349,0.502846,0.000000,0.000000,-0.182630,0.231306,-0.001732,0.000000,-0.003759,0.000579,-0.000000,0.000000,-0.002712,0.000000,-0.000000,0.000000,0.000000,-0.000000,0.232904,0.774651,0.000000,0.571052,-0.000000,0.000000,-0.207535,-0.626472,0.000000,0.003762,0.002772,0.000000,-0.000000,0.000000
EMIT 15,-6.267818,0.000000,0.000000,0.000006,0.000000,-0.000000,0.000000,-0.899464,0.107319,0.000000,0.000000,-0.000000,0.000008,-0.000000,0.000000,0.849595,0.496924,0.000000,0.000000,0.000000,0.000000,0.000000,0.000000,0.000000,0.000000,0.000000,0.000000,0.000000,0.000000,0.000000,0.000000,0.000000,0.000000,0.000000,0.000000,0.000000,0.000000
EMIT 16,-6.267818,-0.000000,0.000006,0.000000,0.000000,0.000000,0.000000,0.000000,0.000000,-0.000000,0.000000,0.000000,0.000000,0.000000,0.000000,0.000000,0.000000,0.000000,-0.000000,-0.000000,0.000003,-0.000000,0.987477,0.000000,-0.000000,-0.885151,-0.000000,-0.000003,0.000010,0.000000,-0.000000,-0.000000,-0.000000,0.000000,0.000003,-0.000000,0.000000
EMIT 17,-6.267818,-0.000000,-0.000000,0.000000,0.330940,0.131928,0.227549,0.033711,0.282513,0.258136,0.118857,0.136464,0.000000,-0.090816,0.394266,-0.156082,0.266850,0.213702,0.000004,-0.000000,-0.000000,-0.000000,-0.000000,0.673428,-0.393592,0.000000,0.258414,-0.000000,0.000000,-0.540273,0.336288,-0.000000,0.001741,-0.004163,0.000000,0.000000,0.000006
EMIT 18,-6.267818,0.000000,-0.000000,-0.000003,-0.680373,0.244433,-0.016851,0.041226,0.345470,0.017756,0.020313,0.252837,-0.000004,-0.392062,-0.721348,-0.190867,0.326315,0.395941,-0.000004,-0.000000,0.000000,-0.000000,-0.000000,0.073626,-0.007983,-0.000000,-0.019137,-0.000000,0.000000,-0.059864,0.008184,0.000000,0.000312,-0.000288,-0.000000,0.000000,-0.000005
EMIT 19,-6.267818,-0.000000,-0.000000,-0.000003,-0.029669,0.014289,0.654371,0.002771,0.023201,0.008877,-0.237322,0.014780,-0.000004,-0.021170,-0.030828,-0.012821,0.021914,0.023145,0.000002,-0.000000,0.000000,-0.000000,0.000000,-0.519796,-0.393323,-0.000000,0.743129,-0.000000,0.000000,0.432844,0.308968,-0.000000,-0.003765,-0.000021,-0.000000,0.000000,0.000002
EMIT 20,-6.267818,-0.000000,-0.000000,0.000003,-0.405167,-0.165787,0.157775,-0.065606,-0.549784,0.170879,0.076015,-0.171487,0.000004,0.115976,-0.483436,0.303745,-0.519302,-0.268548,0.000002,0.000000,-0.000000,0.000000,0.000000,0.439796,-0.264745,-0.000000,0.179175,-0.000000,-0.000000,-0.352661,0.225901,0.000000,0.001112,-0.002753,-0.000000,-0.000000,0.000003
EMIT 21,-6.267818,0.000000,-0.000000,0.000000,-0.145294,-0.384730,0.023634,0.066123,0.554141,0.026491,0.012090,-0.397958,0.000000,0.406676,-0.229638,-0.306150,0.523419,-0.623200,-0.000000,-0.000000,-0.000000,0.000000,0.000000,0.068870,-0.040557,-0.000000,0.026840,0.000000,0.000000,-0.055246,0.034639,-0.000000,0.000174,-0.000429,-0.000000,-0.000000,-0.000000
EMIT 22,-4.026026,-0.005456,-0.135984,0.000000,0.000000,0.000000,-0.000000,0.000000,0.000000,-0.000000,0.000000,0.000000,0.000000,0.000000,0.000000,0.000000,0.000000,0.000000,-0.000000,0.000100,-0.956143,0.000002,-0.000000,-0.000000,0.000000,-0.000001,-0.000000,-0.000143,-0.725390,-0.000000,0.000000,-0.000001,0.000000,-0.000000,0.475248,0.003626,0.000000
EMIT 23,-4.026025,-0.135978,0.005456,0.000000,0.000000,0.000000,0.000000,0.000000,0.000000,-0.000000,-0.000000,0.000000,0.000000,0.000000,0.000000,0.000000,0.000000,0.000000,0.000000,0.956139,0.000098,-0.000011,-0.000001,-0.000000,0.000000,-0.000001,-0.000000,-0.725391,0.000136,0.000000,-0.000000,-0.000003,0.000000,0.000000,-0.003641,0.475255,-0.000000
EMIT 24,-0.000000,0.061320,-0.163572,0.000000,0.000000,0.000000,-0.000005,0.000000,0.000000,0.306223,0.348270,0.000000,0.000000,0.000000,0.000000,0.000000,0.000000,0.000000,0.178732,0.035487,0.084244,0.157412,-0.000001,0.008272,-0.000916,0.000003,-0.000005,0.023056,-0.054756,0.188735,-0.024896,0.013952,0.577043,-0.471657,-0.464643,0.191610,0.362201
EMIT 25,-0.000000,-0.040799,0.131172,0.000000,0.000000,0.000000,-0.000002,0.000000,0.000000,-0.239097,0.180867,0.000000,0.000000,0.000000,0.000000,0.000000,0.000000,0.000000,-0.322080,-0.024072,-0.067733,-0.478775,0.000003,0.000207,0.005359,-0.000005,-0.000001,-0.015646,0.044022,0.009133,0.119831,-0.757490,0.273724,0.260247,0.373385,-0.129562,-0.213876
EMIT 26,-0.000000,-0.144589,0.014991,0.000000,0.000000,0.000000,-0.000003,0.000000,0.000000,-0.275511,0.212574,0.000000,0.000000,0.000000,0.000000,0.000000,0.000000,0.000000,0.311210,-0.075908,-0.004813,0.136899,-0.000001,0.000294,0.006263,0.000000,-0.000004,-0.049339,0.003132,0.011239,0.146655,0.270702,0.462893,0.542601,0.029616,-0.417160,0.475066
EMIT 27,-0.000000,0.167527,-0.070356,0.000000,0.000000,0.000000,0.000001,0.000000,0.000000,-0.393921,0.222225,0.000000,0.000000,0.000000,0.000000,0.000000,0.000000,0.000000,0.031115,0.089066,0.033278,0.118748,0.000002,-0.000734,0.008031,0.000001,0.000001,0.057885,-0.021636,-0.003468,0.177207,0.447037,0.486390,0.182263,-0.186670,0.488306,0.126023
EMIT 28,-0.000000,-0.268918,-0.005924,0.000000,0.000000,0.000000,0.000003,0.000000,0.000000,-0.212293,-0.167956,0.000000,0.000000,0.000000,0.000000,0.000000,0.000000,0.000000,0.208735,-0.140472,0.008725,0.193583,-0.000002,-0.004573,0.001371,0.000003,-0.000002,-0.091311,-0.005662,-0.093168,0.030772,-0.052612,0.025525,-0.033682,-0.042126,-0.772732,-0.029629
EMIT 29,0.000000,-0.050755,0.129808,0.000000,0.000000,0.000000,0.000004,0.000000,0.000000,0.422285,0.403255,0.000000,0.000000,0.000000,0.000000,0.000000,0.000000,0.000000,0.157216,-0.029252,-0.066809,-0.039343,-0.000002,0.010260,-0.002080,0.000002,0.000004,-0.019007,0.043428,0.231680,-0.055314,0.027629,0.530793,-0.707029,0.368529,-0.158060,0.144998
EMIT 30,0.000000,-0.083341,-0.073122,0.000000,0.000000,0.000000,-0.000001,0.000000,0.000000,-0.051145,0.266774,0.000000,0.000000,0.000000,0.000000,0.000000,0.000000,0.000000,-0.599022,-0.042042,0.039977,0.267685,-0.000001,0.003388,0.003485,0.000001,0.000000,-0.027329,-0.025982,0.077646,0.076237,0.373337,0.330346,0.068807,-0.218045,-0.232820,-0.785806
EMIT 31,0.000000,0.065662,0.161574,0.000000,0.000000,0.000000,0.000001,0.000000,0.000000,-0.069284,-0.067790,0.000000,0.000000,0.000000,0.000000,0.000000,0.000000,0.000000,-0.010378,0.030952,-0.085851,0.692700,-0.000003,-0.001712,0.000320,-0.000000,-0.000003,0.020125,0.055804,-0.038834,0.007709,0.812854,-0.118751,0.091994,0.470735,0.173745,0.054771
EMIT 32,0.000000,-0.003914,-0.057986,0.000000,0.000000,0.000000,0.000001,0.000000,0.000000,-0.462130,0.323380,0.000000,0.000000,0.000000,0.000000,0.000000,0.000000,0.000000,0.537268,-0.000833,0.030403,0.016166,-0.000002,-0.000049,0.010074,0.000002,0.000001,-0.000544,-0.019759,-0.000426,0.222760,-0.058872,0.153397,0.609760,-0.167116,-0.005843,0.617947
EMIT 33,0.000000,-0.161436,-0.056323,0.000000,0.000000,0.000000,0.000000,0.000000,0.000000,0.217322,-0.347444,0.000000,0.000000,0.000000,0.000000,0.000000,0.000000,0.000000,0.099246,-0.083229,0.032828,0.115607,-0.000002,-0.002875,-0.006786,0.000001,0.000001,-0.054096,-0.021332,-0.070229,-0.156038,0.214883,-0.640201,-0.416497,-0.177020,-0.458961,0.307106
EMIT 34,7.504864,0.875991,0.000000,0.000000,0.000000,0.000000,0.000000,0.000000,0.000000,-0.000000,-0.000000,0.000000,0.000000,0.000000,0.000000,0.000000,0.000000,0.000000,0.000000,-0.440021,0.017606,-0.000000,-0.000000,0.000000,0.000000,-0.000000,-0.000000,0.736114,0.029388,-0.000000,-0.000000,0.000006,0.000000,0.000000,0.021207,0.653417,0.000000
EMIT 35,7.504867,0.000000,0.875991,0.000000,0.000000,0.000000,0.000000,0.000000,0.000000,-0.000000,0.000000,0.000000,0.000000,0.000000,0.000000,0.000000,0.000000,0.000000,0.000000,0.017604,0.440018,0.000000,0.000002,0.000000,-0.000000,0.000000,0.000000,-0.029390,0.736116,-0.000000,-0.000000,-0.000000,0.000000,0.000000,0.653417,-0.021199,0.000000
EMIT 36,15.009731,0.000000,0.000000,0.875991,0.000000,0.000000,0.000000,0.000000,0.000000,0.000000,0.000000,0.000000,0.933808,-0.000000,-0.000000,0.000000,0.000000,0.000000,0.000000,0.000000,0.000000,0.000000,0.000000,0.000000,0.000000,0.000000,0.000000,0.000000,0.000000,0.000000,0.000000,0.000000,0.000000,0.000000,0.000000,0.000000,0.000000
