veda_freq,1_STRE_CH,2_STRE_CH,3_STRE_CH,4_STRE_CH,5_STRE_CH,6_STRE_CH,7_STRE_OC,8_STRE_CC,9_STRE_CC,10_BEND_HCH,11_BEND_HCH,12_BEND_HCH,13_BEND_HCH,14_BEND_HCH,15_BEND_HCH,16_BEND_OCC,17_BEND_CCC,18_TORS_HCCC,19_TORS_HCCC,20_TORS_HCCC,21_TORS_HCCC,22_TORS_HCCC,23_TORS_HCCC,24_OUT_OCCC,total_STRE_CH,total_STRE_OC,total_STRE_CC,total_BEND_HCH,total_BEND_OCC,total_BEND_CCC,total_TORS_HCCC,total_OUT_OCCC
3192.7000,0.0000,0.0000,0.0000,0.0000,21.0000,79.0000,0.0000,0.0000,0.0000,0.0000,0.0000,0.0000,0.0000,0.0000,0.0000,0.0000,0.0000,0.0000,0.0000,0.0000,0.0000,0.0000,0.0000,0.0000,100.0000,0.0000,0.0000,0.0000,0.0000,0.0000,0.0000,0.0000
3191.5000,0.0000,81.0000,19.0000,0.0000,0.0000,0.0000,0.0000,0.0000,0.0000,0.0000,0.0000,0.0000,0.0000,0.0000,0.0000,0.0000,0.0000,0.0000,0.0000,0.0000,0.0000,0.0000,0.0000,0.0000,100.0000,0.0000,0.0000,0.0000,0.0000,0.0000,0.0000,0.0000
3157.0300,100.0000,0.0000,0.0000,0.0000,0.0000,0.0000,0.0000,0.0000,0.0000,0.0000,0.0000,0.0000,0.0000,0.0000,0.0000,0.0000,0.0000,0.0000,0.0000,0.0000,0.0000,0.0000,0.0000,0.0000,100.0000,0.0000,0.0000,0.0000,0.0000,0.0000,0.0000,0.0000
3150.3600,0.0000,0.0000,0.0000,100.0000,0.0000,0.0000,0.0000,0.0000,0.0000,0.0000,0.0000,0.0000,0.0000,0.0000,0.0000,0.0000,0.0000,0.0000,0.0000,0.0000,0.0000,0.0000,0.0000,0.0000,100.0000,0.0000,0.0000,0.0000,0.0000,0.0000,0.0000,0.0000
3088.6700,0.0000,0.0000,0.0000,0.0000,79.0000,21.0000,0.0000,0.0000,0.0000,0.0000,0.0000,0.0000,0.0000,0.0000,0.0000,0.0000,0.0000,0.0000,0.0000,0.0000,0.0000,0.0000,0.0000,0.0000,100.0000,0.0000,0.0000,0.0000,0.0000,0.0000,0.0000,0.0000
3084.3400,0.0000,19.0000,81.0000,0.0000,0.0000,0.0000,0.0000,0.0000,0.0000,0.0000,0.0000,0.0000,0.0000,0.0000,0.0000,0.0000,0.0000,0.0000,0.0000,0.0000,0.0000,0.0000,0.0000,0.0000,100.0000,0.0000,0.0000,0.0000,0.0000,0.0000,0.0000,0.0000
1672.6700,0.0000,0.0000,0.0000,0.0000,0.0000,0.0000,65.0000,0.0000,3.0000,0.0000,1.0000,1.0000,1.0000,19.0000,0.0000,0.0000,3.0000,0.0000,0.0000,0.0000,0.0000,8.0000,0.0000,0.0000,0.0000,65.0000,3.0000,22.0000,0.0000,3.0000,8.0000,0.0000
1591.9200,0.0000,0.0000,0.0000,0.0000,0.0000,0.0000,0.0000,0.0000,0.0000,0.0000,53.0000,12.0000,8.0000,0.0000,0.0000,0.0000,0.0000,2.0000,0.0000,0.0000,1.0000,0.0000,23.0000,0.0000,0.0000,0.0000,0.0000,73.0000,0.0000,0.0000,26.0000,0.0000
1572.7300,0.0000,0.0000,0.0000,0.0000,0.0000,0.0000,0.0000,0.0000,0.0000,8.0000,11.0000,52.0000,0.0000,0.0000,0.0000,0.0000,0.0000,1.0000,0.0000,26.0000,0.0000,1.0000,1.0000,0.0000,0.0000,0.0000,0.0000,71.0000,0.0000,0.0000,29.0000,0.0000
1566.5500,0.0000,0.0000,0.0000,0.0000,0.0000,0.0000,0.0000,0.0000,0.0000,0.0000,4.0000,3.0000,2.0000,0.0000,72.0000,0.0000,0.0000,16.0000,0.0000,0.0000,1.0000,0.0000,2.0000,0.0000,0.0000,0.0000,0.0000,81.0000,0.0000,0.0000,19.0000,0.0000
1559.3300,0.0000,0.0000,0.0000,0.0000,0.0000,0.0000,16.0000,0.0000,0.0000,2.0000,3.0000,5.0000,0.0000,62.0000,0.0000,0.0000,0.0000,1.0000,0.0000,0.0000,0.0000,12.0000,0.0000,0.0000,0.0000,16.0000,0.0000,72.0000,0.0000,0.0000,13.0000,0.0000
1467.2400,0.0000,0.0000,0.0000,0.0000,0.0000,0.0000,1.0000,0.0000,0.0000,6.0000,8.0000,0.0000,83.0000,0.0000,0.0000,0.0000,0.0000,0.0000,0.0000,0.0000,0.0000,0.0000,0.0000,0.0000,0.0000,1.0000,0.0000,97.0000,0.0000,0.0000,0.0000,0.0000
1458.0700,0.0000,0.0000,0.0000,0.0000,0.0000,0.0000,0.0000,1.0000,0.0000,82.0000,0.0000,9.0000,5.0000,0.0000,0.0000,0.0000,0.0000,0.0000,0.0000,0.0000,0.0000,0.0000,0.0000,0.0000,0.0000,0.0000,1.0000,96.0000,0.0000,0.0000,0.0000,0.0000
1236.5400,0.0000,0.0000,0.0000,0.0000,0.0000,0.0000,0.0000,38.0000,0.0000,1.0000,1.0000,1.0000,0.0000,0.0000,13.0000,18.0000,0.0000,25.0000,0.0000,0.0000,1.0000,0.0000,4.0000,0.0000,0.0000,0.0000,38.0000,16.0000,18.0000,0.0000,30.0000,0.0000
1177.7900,0.0000,0.0000,0.0000,0.0000,0.0000,0.0000,0.0000,0.0000,0.0000,0.0000,13.0000,3.0000,2.0000,0.0000,0.0000,0.0000,0.0000,3.0000,0.0000,0.0000,5.0000,0.0000,58.0000,14.0000,0.0000,0.0000,0.0000,18.0000,0.0000,0.0000,66.0000,14.0000
1119.2600,0.0000,0.0000,0.0000,0.0000,0.0000,0.0000,11.0000,0.0000,0.0000,0.0000,1.0000,1.0000,0.0000,17.0000,0.0000,0.0000,6.0000,3.0000,0.0000,0.0000,0.0000,61.0000,2.0000,0.0000,0.0000,11.0000,0.0000,19.0000,0.0000,6.0000,66.0000,0.0000
967.0600,0.0000,0.0000,0.0000,0.0000,0.0000,0.0000,0.0000,0.0000,0.0000,2.0000,2.0000,11.0000,0.0000,0.0000,0.0000,0.0000,0.0000,6.0000,4.0000,72.0000,0.0000,3.0000,1.0000,0.0000,0.0000,0.0000,0.0000,15.0000,0.0000,0.0000,86.0000,0.0000
915.9600,0.0000,0.0000,0.0000,0.0000,0.0000,0.0000,0.0000,46.0000,0.0000,0.0000,1.0000,0.0000,0.0000,0.0000,13.0000,2.0000,0.0000,31.0000,0.0000,0.0000,2.0000,0.0000,5.0000,0.0000,0.0000,0.0000,46.0000,14.0000,2.0000,0.0000,38.0000,0.0000
753.4000,0.0000,0.0000,0.0000,0.0000,0.0000,0.0000,5.0000,0.0000,95.0000,0.0000,0.0000,0.0000,0.0000,0.0000,0.0000,0.0000,0.0000,0.0000,0.0000,0.0000,0.0000,1.0000,0.0000,0.0000,0.0000,5.0000,95.0000,0.0000,0.0000,0.0000,1.0000,0.0000
513.3100,0.0000,0.0000,0.0000,0.0000,0.0000,0.0000,0.0000,14.0000,0.0000,0.0000,0.0000,0.0000,0.0000,0.0000,1.0000,79.0000,0.0000,6.0000,0.0000,0.0000,0.0000,0.0000,1.0000,0.0000,0.0000,0.0000,14.0000,1.0000,79.0000,0.0000,7.0000,0.0000
508.0500,0.0000,0.0000,0.0000,0.0000,0.0000,0.0000,0.0000,0.0000,0.0000,0.0000,3.0000,1.0000,0.0000,0.0000,0.0000,0.0000,0.0000,1.0000,0.0000,0.0000,16.0000,0.0000,1.0000,76.0000,0.0000,0.0000,0.0000,4.0000,0.0000,0.0000,18.0000,76.0000
383.0600,0.0000,0.0000,0.0000,0.0000,0.0000,0.0000,0.0000,0.0000,1.0000,0.0000,0.0000,0.0000,0.0000,1.0000,0.0000,0.0000,88.0000,0.0000,0.0000,0.0000,0.0000,11.0000,0.0000,0.0000,0.0000,0.0000,1.0000,1.0000,0.0000,88.0000,11.0000,0.0000
170.3400,0.0000,0.0000,0.0000,0.0000,0.0000,0.0000,0.0000,0.0000,0.0000,0.0000,0.0000,0.0000,0.0000,0.0000,0.0000,0.0000,0.0000,2.0000,0.0000,0.0000,79.0000,0.0000,0.0000,13.0000,0.0000,0.0000,0.0000,0.0000,0.0000,0.0000,81.0000,13.0000
117.5900,0.0000,0.0000,0.0000,0.0000,0.0000,0.0000,0.0000,0.0000,0.0000,0.0000,0.0000,0.0000,0.0000,0.0000,0.0000,0.0000,0.0000,3.0000,94.0000,1.0000,0.0000,1.0000,1.0000,0.0000,0.0000,0.0000,0.0000,0.0000,0.0000,0.0000,100.0000,0.0000
