Mode,Freq,Tx,Ty,Tz,Rx,Ry,Rz,V_Stretch,Mu,K,Irrep,label,annotation,s_AB[P1-Cl2],s_AB[P1-Cl3],s_AB[P1-Cl4],s_AB[P1-Cl5],s_AB[P1-Cl6],PED_Stretch_pct,PED_Bend_pct,PED_S_Cl-P_pct,BondScore_Cl-P,BondScore_Cl-P_pct
Tx,0.0000,1.0000,0.0000,0.0000,0.0000,-0.2000,0.0000,0.0000,,,,Tx,,0.0000,0.0000,0.0000,0.0000,0.0000,,,,,
Ty,0.0000,0.0000,1.0000,0.0000,-0.0000,0.0000,0.0000,0.0000,,,,Ty,,0.0000,0.0000,0.0000,0.0000,0.0000,,,,,
Tz,0.0000,0.0000,0.0000,1.0000,0.0000,0.0000,0.0000,0.0000,,,,Tz,,0.0000,0.0000,0.0000,0.0000,0.0000,,,,,
Rx,0.0000,0.0000,-0.0000,0.0000,1.0000,0.0000,0.0000,0.0000,,,,Rx,,0.0000,0.0000,0.0000,0.0000,0.0000,,,,,
Ry,0.0000,-0.1667,0.0000,0.0000,0.0000,1.0000,0.0000,0.0000,,,,Ry,,0.0000,0.0000,0.0000,0.0000,0.0000,,,,,
Rz,0.0000,0.0000,0.0000,0.0000,0.0000,0.0000,1.0000,0.0000,,,,Rz,,0.0000,0.0000,0.0000,0.0000,0.0000,,,,,
Vib 1,58.6946,0.0000,0.0414,-0.3199,0.2550,0.0000,0.0000,0.0704,34.9507,0.0709,E',B,,-0.0210,0.0148,0.0346,0.0000,0.0000,2.0000,98.0000,2.0000,0.0704,99.9804
Vib 2,58.6946,0.0000,-0.3076,-0.1616,0.2234,0.0000,0.0000,0.0709,34.9507,0.0709,E',B,,-0.0195,0.0169,-0.0345,0.0000,0.0000,2.0000,98.0000,2.0000,0.0709,100.0058
Vib 3,189.6297,-0.1667,0.0000,0.0000,0.0000,-0.0584,0.0324,0.0000,34.9689,0.7409,"E""",B,,0.0000,0.0000,0.0000,0.0000,0.0000,0.0000,100.0000,0.0000,0.0000,
Vib 4,189.6297,-0.1667,0.0000,0.0000,0.0000,0.2259,-0.1770,0.0000,34.9689,0.7409,"E""",B,,0.0000,0.0000,0.0000,0.0000,0.0000,0.0000,100.0000,0.0000,0.0000,
Vib 5,194.7376,0.0000,0.0747,-0.0184,-0.2033,0.0000,0.0000,0.0366,34.3391,0.7673,E',B,,-0.0028,0.0158,-0.0180,0.0000,0.0000,10.0000,90.0000,10.0000,0.0366,100.0315
Vib 6,194.7376,0.0000,0.0171,0.0053,0.0355,0.0000,0.0000,0.0403,34.3391,0.7673,E',B,,0.0086,-0.0144,-0.0173,0.0000,0.0000,10.0000,90.0000,10.0000,0.0403,100.0973
Vib 7,221.3165,0.0000,0.0000,0.0000,0.0000,0.2000,0.0000,0.0166,34.5214,0.9962,"A2""",B,,0.0000,0.0000,0.0000,0.0083,-0.0083,11.0000,89.0000,11.0000,0.0166,100.2772
Vib 8,249.8543,0.0000,0.0000,-0.0000,0.0000,0.0000,0.0000,1.0000,34.9689,1.2862,A1',S,,-0.1395,-0.1395,-0.1395,0.2908,0.2908,100.0000,0.0000,100.0000,1.0000,100.0000
Vib 9,288.4517,0.0000,0.0000,-0.0000,0.0000,0.0000,0.0000,1.0000,34.9689,1.7143,A1',S,,0.1939,0.1939,0.1939,0.2092,0.2092,100.0000,0.0000,100.0000,1.0000,100.0000
Vib 10,407.9161,-0.6667,0.0000,0.0000,0.0000,0.2000,0.0000,0.5404,31.8881,3.1262,"A2""",S,,0.0000,0.0000,0.0000,-0.2702,0.2702,89.0000,11.0000,89.0000,0.5404,100.0036
Vib 11,447.2433,0.0000,-0.5075,-0.2541,0.0329,0.0000,0.0000,0.5592,32.0605,3.7784,E',S,,-0.0981,0.3096,-0.1515,0.0000,0.0000,88.0000,12.0000,88.0000,0.5592,99.9961
Vib 12,447.2433,0.0000,0.1970,-0.5825,0.2142,0.0000,0.0000,0.5273,32.0605,3.7784,E',S,,-0.2734,0.0234,0.2305,0.0000,0.0000,88.0000,12.0000,88.0000,0.5273,100.0055
