molecule,mode_index,kind,freq,irrep,V_Stretch,predicted_label,ref_category,predicted_category,description,ref
B3N3H6,9,internal,854.2276,A1',0.6345574703873492,S,B,S,In-plane sym ring deformation,Par2018
C10H8,13,internal,761.6029,AG,0.4739784302869582,S,B,S,Skeletal distortion,Lip1955
C10H8,24,internal,1031.5824,AG,0.5378026765835757,S,B,S,CH bending,Lip1955
C10H8,27,internal,1209.0796,B2U,0.7066178196727345,S,B,S,CH bending,Lip1955
C10H8,7,internal,526.5777,AG,0.4485742127460548,S,B,S,Skeletal distortion,Lip1955
C2H4,6,internal,1434.0945,AG,0.5729001689644194,S,B,S,CH2 scis,Shi1972
C3H6,3,internal,856.1975,E',0.5772992614124517,S,B,S,CH2 wagging,Bak1955
C3H6,4,internal,856.1975,E',0.6630145612343131,S,B,S,CH2 wagging,Bak1955
C3O3H6,7,internal,891.7765,E,0.7147261042165418,S,B,S,CH2 rocking,Mas1966
C3O3H6,8,internal,891.7765,E,0.7480306477071264,S,B,S,CH2 rocking,Mas1966
C6H4F2,16,internal,1045.816,A1,0.5374474919945066,S,B,S,beta(CH),Gre1963
B3N3H6,14,internal,957.6947,A1',0.4044306497152817,B,S,B,In-plane B-N sym stretch (ring breathe),Par2018
C10H8,35,internal,1501.0181,B3G,0.2938491591096361,B,S,B,CC stretching,Lip1955
C10H8,36,internal,1512.2086,AG,0.2763307347006118,B,S,B,Gamma C stretching,Lip1955
C4H4,12,internal,1123.5841,T2,0.4021838452393893,B,S,B,Anti-symm. C-C stretch,Wes2022
C6H4F2,23,internal,1504.022,B2,0.3065027073866178,B,S,B,nu(CC),Gre1963
C7H8,13,internal,926.766,A',0.4143532962494401,B,S,B,C-C stretch,Jen2005
